normalized_url,origins,kind,checked_at,http,final_url,robots,result,signals,content_type,bytes,truncated,note,verification,error
https://ai.gateway.lovable.dev/v1/chat/completions,historial del usuario,"servicio de API, no fuente de agenda",2026-09-07T19:21:28Z,,,,no procede solicitar como agenda,,,,,"servicio de API, no fuente de agenda",comprobación independiente de URL; extractor no ejecutado,
https://alhaurindelatorre.es/,historial del usuario; registry:municipal-alhaurin-torre:url,fuente o página informativa,2026-09-07,200,,permitido,URL comprobada por Lovable,wp,,,,cuerpo truncado,resultado reutilizado de la comprobación de Lovable; extractor no acreditado por HTTP,
https://alhaurindelatorre.es/agenda,registry:src-agenda-alhaurin-torre:url,fuente o página informativa,2026-09-07T20:16:55Z,200,https://alhaurindelatorre.es/agenda/,permitido,HTTP 200,,text/html; charset=UTF-8,524288,True,cuerpo limitado; no acredita contenido completo,recomprobación independiente en el entorno de auditoría de Lovable (2026-09-07); extractor no ejecutado,
https://alhaurinelgrande.es/events/mes,registry:src-agenda-alhaurin-grande:url,fuente o página informativa,2026-09-07T20:16:55Z,200,https://alhaurinelgrande.es/events/mes/,permitido,HTTP 200,,text/html; charset=UTF-8,524288,True,cuerpo limitado; no acredita contenido completo,recomprobación independiente en el entorno de auditoría de Lovable (2026-09-07); extractor no ejecutado,
https://antojomalaga.es/,historial del usuario; legacy:antojo-malaga:entrypoints_detected; legacy:antojo-malaga:fallback_entrypoint,fuente o página informativa,2026-09-07,200,,permitido,URL comprobada por Lovable,rss;wp,,,,,resultado reutilizado de la comprobación de Lovable; extractor no acreditado por HTTP,
https://antojomalaga.es/detail/252792962435,legacy:antojo-malaga:entrypoints_detected,fuente o página informativa,2026-09-07T20:16:55Z,404,https://antojomalaga.es/detail/252792962435,permitido,HTTP 404,,text/html; charset=UTF-8,112873,False,,recomprobación independiente en el entorno de auditoría de Lovable (2026-09-07); extractor no ejecutado,
https://antojomalaga.es/detail/270429621112,legacy:antojo-malaga:entrypoints_detected,fuente o página informativa,2026-09-07T20:16:57Z,404,https://antojomalaga.es/detail/270429621112,permitido,HTTP 404,,text/html; charset=UTF-8,112873,False,,recomprobación independiente en el entorno de auditoría de Lovable (2026-09-07); extractor no ejecutado,
https://antojomalaga.es/detail/52229727935,legacy:antojo-malaga:entrypoints_detected,fuente o página informativa,2026-09-07T20:16:58Z,404,https://antojomalaga.es/detail/52229727935,permitido,HTTP 404,,text/html; charset=UTF-8,112871,False,,recomprobación independiente en el entorno de auditoría de Lovable (2026-09-07); extractor no ejecutado,
https://antojomalaga.es/programacion,historial del usuario; legacy:antojo-malaga:chosen_entrypoint; legacy:antojo-malaga:entrypoints_detected,fuente o página informativa,2026-09-07,200,,permitido,URL comprobada por Lovable,rss;wp,,,,,resultado reutilizado de la comprobación de Lovable; extractor no acreditado por HTTP,
https://apaldeportes.rincondelavictoria.es/eventos,historial del usuario; sports:rincon-victoria-deportes:primary_url; sports:rincon-victoria-deportes:url,fuente o página informativa,2026-09-07,200,,permitido,URL comprobada por Lovable,,,,,,resultado reutilizado de la comprobación de Lovable; extractor no acreditado por HTTP,
https://api.firecrawl.dev/v1/scrape,historial del usuario,"servicio de API, no fuente de agenda",2026-09-07T19:21:33Z,,,,no procede solicitar como agenda,,,,,"servicio de API, no fuente de agenda",comprobación independiente de URL; extractor no ejecutado,
https://ateneomalaga.es/,registry:ateneo-malaga:url,fuente o página informativa,2026-09-07T20:16:59Z,,,no verificable (connection_error),robots no verificable; contenido no solicitado,,,,,,recomprobación independiente en el entorno de auditoría de Lovable (2026-09-07); extractor no ejecutado,
https://atletismomalaga.com/calendario,sports:atletismo-malaga:primary_url; sports:atletismo-malaga:url,fuente o página informativa,2026-09-07T20:16:59Z,,,no verificable (connection_error),robots no verificable; contenido no solicitado,,,,,,recomprobación independiente en el entorno de auditoría de Lovable (2026-09-07); extractor no ejecutado,
https://axarquiacostadelsol.es/eventosaxarquiacostadelsol,historial del usuario; legacy:apta-axarquia:chosen_entrypoint; registry:src-eventos-axarquia-costa-del-sol:url,fuente o página informativa,2026-09-07,200,,permitido,URL comprobada por Lovable,rss;wp,,,,,resultado reutilizado de la comprobación de Lovable; extractor no acreditado por HTTP,
https://ayuntamiento.estepona.es/agenda,registry:src-agenda-estepona:url,fuente o página informativa,2026-09-07T20:16:59Z,200,https://ayuntamiento.estepona.es/agenda,sin robots.txt (404),HTTP 200,,text/html; Charset=utf-8,24704,False,,recomprobación independiente en el entorno de auditoría de Lovable (2026-09-07); extractor no ejecutado,
https://ayuntamientoronda.es/agenda-de-actividades-y-eventos,historial del usuario; legacy:ayto-ronda:chosen_entrypoint; registry:src-agenda-ronda-ayto:url,fuente o página informativa,2026-09-07,200,,permitido,URL comprobada por Lovable,rss;wp,,,,,resultado reutilizado de la comprobación de Lovable; extractor no acreditado por HTTP,
https://brisafestival.com/,historial del usuario; registry:brisa-festival:url,fuente o página informativa,2026-09-07,200,,permitido,URL comprobada por Lovable,rss;wp,,,,,resultado reutilizado de la comprobación de Lovable; extractor no acreditado por HTTP,
https://cacmalaga.eu/exposiciones,scraping:CAC Málaga:url,fuente o página informativa,2026-09-07T20:17:00Z,,,no verificable (500),robots no verificable; contenido no solicitado,,,,,,recomprobación independiente en el entorno de auditoría de Lovable (2026-09-07); extractor no ejecutado,
https://cadenaser.com/tag/serpeques,historial del usuario; registry:serpeques:url,fuente o página informativa,2026-09-07,404,,permitido,URL comprobada por Lovable,,,,,,resultado reutilizado de la comprobación de Lovable; extractor no acreditado por HTTP,
https://canelaparty.com/,registry:src-canelaparty:url,fuente o página informativa,2026-09-07T20:17:00Z,200,https://canelaparty.com/,permitido,HTTP 200,,text/html,2773,False,,recomprobación independiente en el entorno de auditoría de Lovable (2026-09-07); extractor no ejecutado,
https://centrepompidou-malaga.eu/,historial del usuario; registry:centre-pompidou:url; registry:src-pompidou:url,fuente o página informativa,2026-09-07,200,,permitido,URL comprobada por Lovable,rss;wp,,,,,resultado reutilizado de la comprobación de Lovable; extractor no acreditado por HTTP,
https://centrepompidou-malaga.eu/actividades,scraping:Centre Pompidou Málaga:url,fuente o página informativa,2026-09-07T20:17:00Z,200,https://centrepompidou-malaga.eu/actividades-de-verano-2022/,permitido,HTTP 200,,text/html; charset=UTF-8,190677,False,,recomprobación independiente en el entorno de auditoría de Lovable (2026-09-07); extractor no ejecutado,
https://cinealbeniz.com/,registry:cine-albeniz:url,fuente o página informativa,2026-09-07T20:17:01Z,200,https://cinealbeniz.com/,permitido,HTTP 200,,text/html; charset=UTF-8,50033,False,,recomprobación independiente en el entorno de auditoría de Lovable (2026-09-07); extractor no ejecutado,
https://coin.es/agenda,registry:src-agenda-coin-p:url,fuente o página informativa,2026-09-07T20:17:01Z,200,https://coin.es/agenda,permitido,HTTP 200,,text/html; charset=UTF-8,88017,False,,recomprobación independiente en el entorno de auditoría de Lovable (2026-09-07); extractor no ejecutado,
https://coin.es/areas/deportes,historial del usuario,fuente o página informativa,2026-09-07,200,,permitido,URL comprobada por Lovable,,,,,,resultado reutilizado de la comprobación de Lovable; extractor no acreditado por HTTP,
https://cuevadenerja.es/,registry:src-cueva-nerja:url,fuente o página informativa,2026-09-07T20:17:03Z,200,https://cuevadenerja.es/,permitido,HTTP 200,,text/html; charset=UTF-8,337218,False,,recomprobación independiente en el entorno de auditoría de Lovable (2026-09-07); extractor no ejecutado,
https://cultura.antequera.es/agenda,historial del usuario; legacy:cultura-antequera:chosen_entrypoint; registry:src-agenda-cultura-antequera:url,fuente o página informativa,2026-09-07,200,,permitido,URL comprobada por Lovable,rss;wp,,,,cuerpo truncado,resultado reutilizado de la comprobación de Lovable; extractor no acreditado por HTTP,
https://cultura.malaga.eu/,historial del usuario; registry:cultura-malaga-ayuntamiento:url,fuente o página informativa,2026-09-07,200,,permitido,URL comprobada por Lovable,,,,,,resultado reutilizado de la comprobación de Lovable; extractor no acreditado por HTTP,
https://cultura.malaga.eu/es/agenda/index.html,historial del usuario; legacy:cultura-malaga:chosen_entrypoint; registry:src-agenda-cultura-malaga:url,fuente o página informativa,2026-09-07,200,,permitido,URL comprobada por Lovable,,,,,,resultado reutilizado de la comprobación de Lovable; extractor no acreditado por HTTP,
https://cultura.malaga.eu/es/agenda/index.html?calMonth=1&calYear=2026,historial del usuario,fuente o página informativa,2026-09-07,200,,permitido,URL comprobada por Lovable,,,,,,resultado reutilizado de la comprobación de Lovable; extractor no acreditado por HTTP,
https://cultura.malaga.eu/es/agenda/index.html?calMonth=11&calYear=2025,historial del usuario,fuente o página informativa,2026-09-07,conn_error,,permitido,URL comprobada por Lovable,,,,,"HTTPSConnectionPool(host='cultura.malaga.eu', port=443): Max retries exceeded with url: /es/agenda/index.html?calMonth=1",resultado reutilizado de la comprobación de Lovable; extractor no acreditado por HTTP,
https://cultura.malaga.eu/es/agenda/index.html?calMonth=4&calYear=2025,historial del usuario,fuente o página informativa,2026-09-07,200,,permitido,URL comprobada por Lovable,,,,,,resultado reutilizado de la comprobación de Lovable; extractor no acreditado por HTTP,
https://cultura.nerja.es/category/programacion,registry:src-programacion-nerja:url,fuente o página informativa,2026-09-07T20:17:03Z,200,https://cultura.nerja.es/category/programacion/,permitido,HTTP 200,,text/html; charset=UTF-8,92405,False,,recomprobación independiente en el entorno de auditoría de Lovable (2026-09-07); extractor no ejecutado,
https://datatracker.ietf.org/doc/html/rfc9309,historial del usuario,fuente o página informativa,2026-09-07T20:17:06Z,200,https://datatracker.ietf.org/doc/html/rfc9309,permitido,HTTP 200,,text/html; charset=utf-8,111920,False,,recomprobación independiente en el entorno de auditoría de Lovable (2026-09-07); extractor no ejecutado,
https://datosabiertos.malaga.eu/,historial del usuario,fuente o página informativa,2026-09-07,200,,permitido,URL comprobada por Lovable,,,,,,resultado reutilizado de la comprobación de Lovable; extractor no acreditado por HTTP,
https://datosabiertos.malaga.eu/api/3/action/package_list,historial del usuario,fuente o página informativa,2026-09-07,,,prohibido,URL comprobada por Lovable,,,,,robots.txt prohibe la ruta al agente,resultado reutilizado de la comprobación de Lovable; extractor no acreditado por HTTP,
https://datosabiertos.malaga.eu/dataset/agenda-2026,historial del usuario; registry:src-datos-abiertos-agenda-2026-csv:url,fuente o página informativa,2026-09-07,200,,permitido,URL comprobada por Lovable,,,,,,resultado reutilizado de la comprobación de Lovable; extractor no acreditado por HTTP,
https://datosabiertos.malaga.eu/dataset/agenda-espectaculos,historial del usuario,fuente o página informativa,2026-09-07,200,,permitido,URL comprobada por Lovable,,,,,,resultado reutilizado de la comprobación de Lovable; extractor no acreditado por HTTP,
https://datosabiertos.malaga.eu/group/deporte,historial del usuario,fuente o página informativa,2026-09-07,200,,permitido,URL comprobada por Lovable,,,,,,resultado reutilizado de la comprobación de Lovable; extractor no acreditado por HTTP,
https://datosabiertos.malaga.eu/mk/dataset/agenda-deportes,historial del usuario; sports:datosabiertos-deportes:primary_url; sports:datosabiertos-deportes:url,fuente o página informativa,2026-09-07,200,,permitido,URL comprobada por Lovable,,,,,,resultado reutilizado de la comprobación de Lovable; extractor no acreditado por HTTP,
https://datosabiertos.malaga.eu/recursos/cultura/agenda/2024.csv,historial del usuario; legacy:datos-abiertos-malaga:chosen_entrypoint,fuente o página informativa,2026-09-07,200,,permitido,URL comprobada por Lovable,,,,,cuerpo truncado,resultado reutilizado de la comprobación de Lovable; extractor no acreditado por HTTP,
https://datosabiertos.malaga.eu/recursos/cultura/agenda/2026.csv,historial del usuario; registry:ayto-malaga-csv:url; registry:malaga-open-data-csv:url; registry:src-csv-directo-agenda-2026:url,fuente o página informativa,2026-09-07,200,,permitido,URL comprobada por Lovable,,,,,cuerpo truncado,resultado reutilizado de la comprobación de Lovable; extractor no acreditado por HTTP,
https://deno.land/std@0.224.0/http/server.ts,historial del usuario,fuente o página informativa,2026-09-07T20:17:06Z,200,https://deno.land/std@0.224.0/http/server.ts,permitido,HTTP 200,,application/typescript; charset=utf-8,23598,False,,recomprobación independiente en el entorno de auditoría de Lovable (2026-09-07); extractor no ejecutado,
https://deporte.malaga.eu/,historial del usuario,fuente o página informativa,2026-09-07,conn_error,,permitido,URL comprobada por Lovable,,,,,"HTTPSConnectionPool(host='deporte.malaga.eu', port=443): Max retries exceeded with url: / (Caused by NameResolutionError",resultado reutilizado de la comprobación de Lovable; extractor no acreditado por HTTP,
https://deporte.malaga.eu/agenda,historial del usuario; sports:malaga-capital-deportes:primary_url; sports:malaga-capital-deportes:url,fuente o página informativa,2026-09-07,200,,permitido,URL comprobada por Lovable,,,,,,resultado reutilizado de la comprobación de Lovable; extractor no acreditado por HTTP,
https://deporte.malaga.eu/agenda/calendario-area-deporte-malaga,historial del usuario,fuente o página informativa,2026-09-07,200,,permitido,URL comprobada por Lovable,,,,,,resultado reutilizado de la comprobación de Lovable; extractor no acreditado por HTTP,
https://deporte.malaga.eu/agenda/detalle-de-actividad/index.html?id=146610,historial del usuario,fuente o página informativa,2026-09-07,200,,permitido,URL comprobada por Lovable,,,,,,resultado reutilizado de la comprobación de Lovable; extractor no acreditado por HTTP,
https://deporte.malaga.eu/export/sites/deporte/.galleries/Programas/DOCUMENTOS-Deporte-en-Feria/Reglamento-Voley-playa-Deporte-en-Feria-2026.pdf,historial del usuario,fuente o página informativa,2026-09-07,conn_error,,permitido,URL comprobada por Lovable,,,,,"HTTPSConnectionPool(host='deporte.malaga.eu', port=443): Max retries exceeded with url: /export/sites/deporte/.galleries",resultado reutilizado de la comprobación de Lovable; extractor no acreditado por HTTP,
https://deporte.malaga.eu/programas/deporte-en-feria/espeto-beach,historial del usuario,fuente o página informativa,2026-09-07,200,,permitido,URL comprobada por Lovable,,,,,,resultado reutilizado de la comprobación de Lovable; extractor no acreditado por HTTP,
https://deporte.malaga.eu/programas/deporte-en-feria/pickleball,historial del usuario,fuente o página informativa,2026-09-07,200,,permitido,URL comprobada por Lovable,,,,,,resultado reutilizado de la comprobación de Lovable; extractor no acreditado por HTTP,
https://deporte.malaga.eu/programas/deporte-en-feria/tiro-con-arco,historial del usuario,fuente o página informativa,2026-09-07,200,,permitido,URL comprobada por Lovable,,,,,,resultado reutilizado de la comprobación de Lovable; extractor no acreditado por HTTP,
https://deportes.antequera.es/actividades/agenda.html,historial del usuario,fuente o página informativa,2026-09-07,200,,permitido,URL comprobada por Lovable,,,,,,resultado reutilizado de la comprobación de Lovable; extractor no acreditado por HTTP,
https://deportes.malaga.eu/,registry:deportes-ayto-malaga:url,fuente o página informativa,2026-09-07T20:17:06Z,,,no verificable,robots no verificable; contenido no solicitado,,,,,,recomprobación independiente en el entorno de auditoría de Lovable (2026-09-07); extractor no ejecutado,
https://deportes.torremolinos.es/eventos-deportivos/agenda-anual-eventos,historial del usuario; sports:torremolinos-deportes:primary_url; sports:torremolinos-deportes:url,fuente o página informativa,2026-09-07,200,,permitido,URL comprobada por Lovable,rss;wp,,,,,resultado reutilizado de la comprobación de Lovable; extractor no acreditado por HTTP,
https://deportes.velezmalaga.es/eventos,historial del usuario; sports:velez-malaga-deportes:primary_url; sports:velez-malaga-deportes:url,fuente o página informativa,2026-09-07,200,,permitido,URL comprobada por Lovable,,,,,,resultado reutilizado de la comprobación de Lovable; extractor no acreditado por HTTP,
https://developer.wordpress.org/rest-api,historial del usuario,documentación,2026-09-07T20:17:06Z,200,https://developer.wordpress.org/rest-api/,permitido,HTTP 200,,text/html; charset=UTF-8,167729,False,,recomprobación independiente en el entorno de auditoría de Lovable (2026-09-07); extractor no ejecutado,
https://entradas.fuengirola.es/content?lang=es,historial del usuario,fuente o página informativa,2026-09-07,200,,permitido,URL comprobada por Lovable,,,,,,resultado reutilizado de la comprobación de Lovable; extractor no acreditado por HTTP,
https://entradas.fuengirola.es/list/events?lang=es,historial del usuario; legacy:entradas-fuengirola:chosen_entrypoint,fuente o página informativa,2026-09-07,200,,permitido,URL comprobada por Lovable,,,,,,resultado reutilizado de la comprobación de Lovable; extractor no acreditado por HTTP,
https://entradas.starlitemarbella.com/,historial del usuario; legacy:starlite-marbella:chosen_entrypoint,fuente o página informativa,2026-09-07,200,,permitido,URL comprobada por Lovable,,,,,,resultado reutilizado de la comprobación de Lovable; extractor no acreditado por HTTP,
https://esm.sh/@supabase/supabase-js@2,historial del usuario,fuente o página informativa,2026-09-07T20:17:07Z,200,https://esm.sh/@supabase/supabase-js@2,permitido,HTTP 200,,application/javascript; charset=utf-8,531,False,,recomprobación independiente en el entorno de auditoría de Lovable (2026-09-07); extractor no ejecutado,
https://fancine.org/,registry:src-fancine:url,fuente o página informativa,2026-09-07T20:17:07Z,200,https://fancine.org/,permitido,HTTP 200,,text/html; charset=UTF-8,50623,False,,recomprobación independiente en el entorno de auditoría de Lovable (2026-09-07); extractor no ejecutado,
https://fandaluzabm.org/,historial del usuario,fuente o página informativa,2026-09-07,200,,permitido,URL comprobada por Lovable,rss;wp,,,,,resultado reutilizado de la comprobación de Lovable; extractor no acreditado por HTTP,
https://farmaciaguardiahoy.es/farmacia-de-guardia/malaga,historial del usuario,fuente o página informativa,2026-09-07,200,,permitido,URL comprobada por Lovable,,,,,,resultado reutilizado de la comprobación de Lovable; extractor no acreditado por HTTP,
https://farmaciasguardia.farmaceuticos.com/web_guardias/publico/Provincia_p.asp?id=29,historial del usuario,fuente o página informativa,2026-09-07,200,,permitido,URL comprobada por Lovable,,,,,,resultado reutilizado de la comprobación de Lovable; extractor no acreditado por HTTP,
https://farmaciasguardia.farmaceuticos.com/web_guardias/publico/Provincia_pNew.asp?id=29,historial del usuario,fuente o página informativa,2026-09-07,200,,permitido,URL comprobada por Lovable,,,,,,resultado reutilizado de la comprobación de Lovable; extractor no acreditado por HTTP,
https://favoley.es/es/calendar,historial del usuario,fuente o página informativa,2026-09-07,429,,permitido,URL comprobada por Lovable,,,,,,resultado reutilizado de la comprobación de Lovable; extractor no acreditado por HTTP,
https://festivaldemalaga.com/,historial del usuario; registry:festival-malaga:url; registry:src-festival-malaga:url,fuente o página informativa,2026-09-07,200,,permitido,URL comprobada por Lovable,wp,,,,,resultado reutilizado de la comprobación de Lovable; extractor no acreditado por HTTP,
https://festivaldemalaga.com/edicion/agenda,historial del usuario; legacy:festival-malaga:chosen_entrypoint,fuente o página informativa,2026-09-07,200,,permitido,URL comprobada por Lovable,wp,,,,,resultado reutilizado de la comprobación de Lovable; extractor no acreditado por HTTP,
https://festivaldemalaga.com/maf,historial del usuario,fuente o página informativa,2026-09-07,200,,permitido,URL comprobada por Lovable,,,,,,resultado reutilizado de la comprobación de Lovable; extractor no acreditado por HTTP,
https://festivaldemalaga.com/maf/index.php?seccion=actividades,historial del usuario; legacy:festival-malaga:fallback_entrypoint,fuente o página informativa,2026-09-07,200,,permitido,URL comprobada por Lovable,,,,,,resultado reutilizado de la comprobación de Lovable; extractor no acreditado por HTTP,
https://frigiliana3culturas.com/,registry:src-frigiliana-3c:url,fuente o página informativa,2026-09-07T20:17:07Z,200,https://frigiliana3culturas.com/,permitido,HTTP 200,,text/html; charset=UTF-8,146941,False,,recomprobación independiente en el entorno de auditoría de Lovable (2026-09-07); extractor no ejecutado,
https://fundacionunicaja.com/agenda,scraping:Fundación Unicaja:url,fuente o página informativa,2026-09-07T20:17:08Z,,,no verificable,robots no verificable; contenido no solicitado,,,,,,recomprobación independiente en el entorno de auditoría de Lovable (2026-09-07); extractor no ejecutado,
https://fycma.com/,historial del usuario,fuente o página informativa,2026-09-07,200,,permitido,URL comprobada por Lovable,rss;wp,,,,cuerpo truncado,resultado reutilizado de la comprobación de Lovable; extractor no acreditado por HTTP,
https://fycma.com/calendario,historial del usuario; legacy:fycma:chosen_entrypoint,fuente o página informativa,2026-09-07,200,,permitido,URL comprobada por Lovable,rss;wp,,,,cuerpo truncado,resultado reutilizado de la comprobación de Lovable; extractor no acreditado por HTTP,
https://fycma.com/eventos/mes,legacy:fycma:fallback_entrypoint,fuente o página informativa,2026-09-07T20:17:08Z,200,https://fycma.com/eventos/mes/,permitido,HTTP 200,,text/html; charset=UTF-8,524288,True,cuerpo limitado; no acredita contenido completo,recomprobación independiente en el entorno de auditoría de Lovable (2026-09-07); extractor no ejecutado,
https://fycma.com/eventos/mes?lang=en,historial del usuario,fuente o página informativa,2026-09-07,200,,permitido,URL comprobada por Lovable,rss;wp,,,,cuerpo truncado,resultado reutilizado de la comprobación de Lovable; extractor no acreditado por HTTP,
https://fycma.com/organizador/fycma,historial del usuario,fuente o página informativa,2026-09-07,200,,permitido,URL comprobada por Lovable,rss;wp,,,,cuerpo truncado,resultado reutilizado de la comprobación de Lovable; extractor no acreditado por HTTP,
https://fycma.com/wp-json/tribe/events/v1/events,registry:fycma:url,fuente o página informativa,2026-09-07T20:17:08Z,200,https://fycma.com/wp-json/tribe/events/v1/events,permitido,HTTP 200,,application/json; charset=UTF-8,524288,True,cuerpo limitado; no acredita contenido completo,recomprobación independiente en el entorno de auditoría de Lovable (2026-09-07); extractor no ejecutado,
https://icofma.es/es/farmacias-de-guardia,historial del usuario,fuente o página informativa,2026-09-07,200,,permitido,URL comprobada por Lovable,rss,,,,,resultado reutilizado de la comprobación de Lovable; extractor no acreditado por HTTP,
https://icofma.es/listado-farmacias-provincia-malaga,historial del usuario,fuente o página informativa,2026-09-07,200,,permitido,URL comprobada por Lovable,,,,,,resultado reutilizado de la comprobación de Lovable; extractor no acreditado por HTTP,
https://images.unsplash.com/photo-1470229722913-7c0e2dbbafd3?w=640&q=80&fit=crop,historial del usuario,fuente o página informativa,2026-09-07T20:17:09Z,200,https://images.unsplash.com/photo-1470229722913-7c0e2dbbafd3?w=640&q=80&fit=crop,permitido,HTTP 200,,image/jpeg,37187,False,,recomprobación independiente en el entorno de auditoría de Lovable (2026-09-07); extractor no ejecutado,
https://images.unsplash.com/photo-1503095396549-807759245b35?w=640&q=80&fit=crop,historial del usuario,fuente o página informativa,2026-09-07T20:17:10Z,200,https://images.unsplash.com/photo-1503095396549-807759245b35?w=640&q=80&fit=crop,permitido,HTTP 200,,image/jpeg,39701,False,,recomprobación independiente en el entorno de auditoría de Lovable (2026-09-07); extractor no ejecutado,
https://images.unsplash.com/photo-1508700929628-666bc8bd84ea?w=640&q=80&fit=crop&auto=format,historial del usuario,fuente o página informativa,2026-09-07T20:17:10Z,200,https://images.unsplash.com/photo-1508700929628-666bc8bd84ea?w=640&q=80&fit=crop&auto=format,permitido,HTTP 200,,image/jpeg,30890,False,,recomprobación independiente en el entorno de auditoría de Lovable (2026-09-07); extractor no ejecutado,
https://images.unsplash.com/photo-1527224857830-43a7acc85260?w=640&q=80&fit=crop,historial del usuario,fuente o página informativa,2026-09-07T20:17:10Z,200,https://images.unsplash.com/photo-1527224857830-43a7acc85260?w=640&q=80&fit=crop,permitido,HTTP 200,,image/jpeg,44733,False,,recomprobación independiente en el entorno de auditoría de Lovable (2026-09-07); extractor no ejecutado,
https://imd.malaga.eu/es/actividades-deportivas,sports:imd-malaga:primary_url; sports:imd-malaga:url,fuente o página informativa,2026-09-07T20:17:11Z,,,no verificable,robots no verificable; contenido no solicitado,,,,,,recomprobación independiente en el entorno de auditoría de Lovable (2026-09-07); extractor no ejecutado,
https://info.turismoderonda.es/agenda,historial del usuario; registry:src-agenda-turistica-ronda:url; sports:ronda-turismo-agenda:primary_url; sports:ronda-turismo-agenda:url,fuente o página informativa,2026-09-07,200,,permitido,URL comprobada por Lovable,jsonld_event;rss;wp,,,,cuerpo truncado,resultado reutilizado de la comprobación de Lovable; extractor no acreditado por HTTP,
https://juventud.malaga.eu/,historial del usuario; registry:caja-blanca:url,fuente o página informativa,2026-09-07,200,,permitido,URL comprobada por Lovable,,,,,,resultado reutilizado de la comprobación de Lovable; extractor no acreditado por HTTP,
https://lacocheracabaret.com/,legacy:la-cochera-cabaret:entrypoints_detected; registry:src-la-cochera-p:url,fuente o página informativa,2026-09-07T20:17:11Z,200,https://lacocheracabaret.com/,permitido,HTTP 200,,text/html; charset=UTF-8,57779,False,,recomprobación independiente en el entorno de auditoría de Lovable (2026-09-07); extractor no ejecutado,
https://lacocheracabaret.com/programacion,historial del usuario; legacy:la-cochera-cabaret:chosen_entrypoint; legacy:la-cochera-cabaret:entrypoints_detected; legacy:lacocheracabaret-oficial:chosen_entrypoint,fuente o página informativa,2026-09-07,200,,permitido,URL comprobada por Lovable,rss;wp,,,,,resultado reutilizado de la comprobación de Lovable; extractor no acreditado por HTTP,
https://lacocheracabaret.com/tipo-evento/comedia-humor,historial del usuario,fuente o página informativa,2026-09-07,200,,permitido,URL comprobada por Lovable,rss;wp,,,,,resultado reutilizado de la comprobación de Lovable; extractor no acreditado por HTTP,
https://lacocheracabaret.com/tipo-evento/teatro,historial del usuario,fuente o página informativa,2026-09-07,200,,permitido,URL comprobada por Lovable,rss;wp,,,,,resultado reutilizado de la comprobación de Lovable; extractor no acreditado por HTTP,
https://lacocheraentradas.com/,historial del usuario; legacy:cochera-entradas:chosen_entrypoint,fuente o página informativa,2026-09-07,200,,permitido,URL comprobada por Lovable,rss;wp,,,,cuerpo truncado,resultado reutilizado de la comprobación de Lovable; extractor no acreditado por HTTP,
https://lacocheraentradas.com/categoria/teatro,historial del usuario,fuente o página informativa,2026-09-07,200,,permitido,URL comprobada por Lovable,rss,,,,,resultado reutilizado de la comprobación de Lovable; extractor no acreditado por HTTP,
https://laconcepcion.malaga.eu/,historial del usuario; registry:jardin-concepcion:url,fuente o página informativa,2026-09-07,200,,permitido,URL comprobada por Lovable,,,,,,resultado reutilizado de la comprobación de Lovable; extractor no acreditado por HTTP,
https://lafabricadecerveza.com/,historial del usuario; legacy:la-fabrica-cerveza:entrypoints_detected; registry:la-fabrica:url,fuente o página informativa,2026-09-07,200,,permitido,URL comprobada por Lovable,wp,,,,,resultado reutilizado de la comprobación de Lovable; extractor no acreditado por HTTP,
https://lafabricadecerveza.com/experiencias-malaga,historial del usuario; legacy:la-fabrica-cerveza:chosen_entrypoint; legacy:la-fabrica-cerveza:entrypoints_detected,fuente o página informativa,2026-09-07,200,,permitido,URL comprobada por Lovable,wp,,,,,resultado reutilizado de la comprobación de Lovable; extractor no acreditado por HTTP,
https://latermicamalaga.com/,legacy:la-termica:entrypoints_detected; registry:src-la-termica-p:url,fuente o página informativa,2026-09-07T20:17:12Z,200,https://latermicamalaga.com/,permitido,HTTP 200,,text/html; charset=UTF-8,184095,False,,recomprobación independiente en el entorno de auditoría de Lovable (2026-09-07); extractor no ejecutado,
https://latermicamalaga.com/agenda,historial del usuario; legacy:la-termica:entrypoints_detected,fuente o página informativa,2026-09-07,200,,permitido,URL comprobada por Lovable,wp,,,,,resultado reutilizado de la comprobación de Lovable; extractor no acreditado por HTTP,
https://latermicamalaga.com/musica-y-eventos,historial del usuario; legacy:la-termica:chosen_entrypoint; legacy:la-termica:entrypoints_detected,fuente o página informativa,2026-09-07,200,,permitido,URL comprobada por Lovable,wp,,,,,resultado reutilizado de la comprobación de Lovable; extractor no acreditado por HTTP,
https://losalamosbeach.com/,historial del usuario; registry:los-alamos-beach:url,fuente o página informativa,2026-09-07,ssl_error,,permitido,URL comprobada por Lovable,,,,,"HTTPSConnectionPool(host='losalamosbeach.com', port=443): Max retries exceeded with url: / (Caused by SSLError(SSLCertVe",resultado reutilizado de la comprobación de Lovable; extractor no acreditado por HTTP,
https://malagacf.com/entradas,historial del usuario,fuente o página informativa,2026-09-07,ssl_error,,permitido,URL comprobada por Lovable,,,,,"HTTPSConnectionPool(host='malagacf.com', port=443): Max retries exceeded with url: /entradas (Caused by SSLError(SSLCert",resultado reutilizado de la comprobación de Lovable; extractor no acreditado por HTTP,
https://malagacf.koobin.com/,historial del usuario,fuente o página informativa,2026-09-07,403,,permitido,URL comprobada por Lovable,,,,,,resultado reutilizado de la comprobación de Lovable; extractor no acreditado por HTTP,
https://malagacf.koobin.com/malaga-cf,sports:malagacf-koobin:primary_url; sports:malagacf-koobin:url,fuente o página informativa,2026-09-07T20:17:12Z,,,no verificable (403),robots no verificable; contenido no solicitado,,,,,,recomprobación independiente en el entorno de auditoría de Lovable (2026-09-07); extractor no ejecutado,
https://malagaevents.lovable.app/,historial del usuario,aplicación propia,2026-09-07T20:17:12Z,200,https://malagaevents.lovable.app/,permitido,HTTP 200,,text/html; charset=utf-8,1581,False,,recomprobación independiente en el entorno de auditoría de Lovable (2026-09-07); extractor no ejecutado,
https://malagaevents.lovable.app/sitemap.xml,historial del usuario,aplicación propia,2026-09-07T20:17:12Z,404,https://malagaevents.lovable.app/sitemap.xml,permitido,HTTP 404,,text/plain; charset=UTF-8,9,False,,recomprobación independiente en el entorno de auditoría de Lovable (2026-09-07); extractor no ejecutado,
https://manilva.es/,historial del usuario; registry:municipal-manilva:url,fuente o página informativa,2026-09-07,200,,permitido,URL comprobada por Lovable,rss;wp,,,,,resultado reutilizado de la comprobación de Lovable; extractor no acreditado por HTTP,
https://manilva.es/agenda,registry:src-agenda-manilva-p:url,fuente o página informativa,2026-09-07T20:17:12Z,200,https://manilva.es/agenda/,permitido,HTTP 200,,text/html; charset=UTF-8,306767,False,,recomprobación independiente en el entorno de auditoría de Lovable (2026-09-07); extractor no ejecutado,
https://marenostrumfuengirola.com/,legacy:marenostrum-fuengirola:fallback_entrypoint; registry:src-marenostrum:url,fuente o página informativa,2026-09-07T20:17:13Z,200,https://marenostrumfuengirola.com/,permitido,HTTP 200,,text/html; charset=UTF-8,443627,False,,recomprobación independiente en el entorno de auditoría de Lovable (2026-09-07); extractor no ejecutado,
https://marenostrumfuengirola.com/tipo_de_evento/2026,historial del usuario; legacy:marenostrum-fuengirola:chosen_entrypoint,fuente o página informativa,2026-09-07,200,,permitido,URL comprobada por Lovable,rss;wp,,,,,resultado reutilizado de la comprobación de Lovable; extractor no acreditado por HTTP,
https://mmalaga.es/,legacy:malaga-magazine:entrypoints_detected,fuente o página informativa,2026-09-07T20:17:13Z,200,https://mmalaga.es/,permitido,HTTP 200,,text/html; charset=UTF-8,524288,True,cuerpo limitado; no acredita contenido completo,recomprobación independiente en el entorno de auditoría de Lovable (2026-09-07); extractor no ejecutado,timeout
https://mmalaga.es/agenda,scraping:Más Málaga:url,fuente o página informativa,2026-09-07T20:17:14Z,200,https://mmalaga.es/agenda/,permitido,HTTP 200,Event JSON-LD,text/html; charset=UTF-8,390165,False,,recomprobación independiente en el entorno de auditoría de Lovable (2026-09-07); extractor no ejecutado,timeout
https://mmalaga.es/agenda-ocio-cultural-malaga,historial del usuario; legacy:malaga-magazine:chosen_entrypoint; legacy:malaga-magazine:entrypoints_detected,fuente o página informativa,2026-09-07,200,,permitido,URL comprobada por Lovable,jsonld_event;rss;wp,,,,,resultado reutilizado de la comprobación de Lovable; extractor no acreditado por HTTP,
https://mmalaga.es/conciertos-malaga,scraping:Más Málaga Conciertos:url,fuente o página informativa,2026-09-07T20:17:14Z,404,https://mmalaga.es/conciertos-malaga,permitido,HTTP 404,,text/html; charset=UTF-8,142677,False,,recomprobación independiente en el entorno de auditoría de Lovable (2026-09-07); extractor no ejecutado,
https://mmalaga.es/teatro-malaga,scraping:Más Málaga Teatro:url,fuente o página informativa,2026-09-07T20:17:16Z,200,https://mmalaga.es/agenda/teatro-malaga-dos-mas-que-dos/,permitido,HTTP 200,Event JSON-LD,text/html; charset=UTF-8,242533,False,,recomprobación independiente en el entorno de auditoría de Lovable (2026-09-07); extractor no ejecutado,timeout
https://moonlightmalaga.com/,historial del usuario; registry:moonlight-malaga:url,fuente o página informativa,2026-09-07,200,,permitido,URL comprobada por Lovable,rss;wp,,,,,resultado reutilizado de la comprobación de Lovable; extractor no acreditado por HTTP,
https://mucac.malaga.eu/,historial del usuario; registry:mucac:url,fuente o página informativa,2026-09-07,200,,permitido,URL comprobada por Lovable,,,,,,resultado reutilizado de la comprobación de Lovable; extractor no acreditado por HTTP,
https://mucacmalaga.eu/,registry:src-mucac:url,fuente o página informativa,2026-09-07T20:17:19Z,200,https://mucacmalaga.eu/,permitido,HTTP 200,,text/html; charset=UTF-8,120095,False,,recomprobación independiente en el entorno de auditoría de Lovable (2026-09-07); extractor no ejecutado,
https://orquestafilarmonicademalaga.com/,historial del usuario; legacy:filarmonica-malaga:chosen_entrypoint,fuente o página informativa,2026-09-07,200,,permitido,URL comprobada por Lovable,rss;wp,,,,,resultado reutilizado de la comprobación de Lovable; extractor no acreditado por HTTP,
https://paris15.es/,historial del usuario; legacy:paris-15:entrypoints_detected; legacy:paris-15:fallback_entrypoint; registry:src-sala-paris-15-p:url,fuente o página informativa,2026-09-07,200,,permitido,URL comprobada por Lovable,rss;wp,,,,,resultado reutilizado de la comprobación de Lovable; extractor no acreditado por HTTP,
https://paris15.es/eventos,historial del usuario; legacy:paris-15:chosen_entrypoint; legacy:paris-15:entrypoints_detected,fuente o página informativa,2026-09-07,200,,permitido,URL comprobada por Lovable,rss;wp,,,,,resultado reutilizado de la comprobación de Lovable; extractor no acreditado por HTTP,
https://paris15.es/tour-dates,legacy:paris-15:entrypoints_detected,fuente o página informativa,2026-09-07T20:17:21Z,200,https://paris15.es/tour-dates/,permitido,HTTP 200,,text/html; charset=UTF-8,69263,False,,recomprobación independiente en el entorno de auditoría de Lovable (2026-09-07); extractor no ejecutado,
https://pruebaspopulares.pmdt.es/,historial del usuario,fuente o página informativa,2026-09-07,,,prohibido,URL comprobada por Lovable,,,,,robots.txt prohibe la ruta al agente,resultado reutilizado de la comprobación de Lovable; extractor no acreditado por HTTP,
https://qconciertos.es/salas/la-garrapata-malaga,historial del usuario; legacy:la-garrapata:fallback_entrypoint,fuente o página informativa,2026-09-07,200,,permitido,URL comprobada por Lovable,wp,,,,,resultado reutilizado de la comprobación de Lovable; extractor no acreditado por HTTP,
https://r.jina.ai/${encodeURIComponent(url)},historial del usuario,plantilla o ejemplo incompleto,2026-09-07T19:22:47Z,,,,no procede solicitar como agenda,,,,,plantilla o ejemplo incompleto,comprobación independiente de URL; extractor no ejecutado,
https://r.jina.ai/{encoded_url},historial del usuario,plantilla o ejemplo incompleto,2026-09-07T19:22:47Z,,,,no procede solicitar como agenda,,,,,plantilla o ejemplo incompleto,comprobación independiente de URL; extractor no ejecutado,
https://r.jina.ai/{url},historial del usuario,plantilla o ejemplo incompleto,2026-09-07T19:22:47Z,,,,no procede solicitar como agenda,,,,,plantilla o ejemplo incompleto,comprobación independiente de URL; extractor no ejecutado,
https://rincondelbalonmano.com/,registry:costa-del-sol-balonmano:url,fuente o página informativa,2026-09-07T20:17:22Z,,,no verificable (connection_error),robots no verificable; contenido no solicitado,,,,,,recomprobación independiente en el entorno de auditoría de Lovable (2026-09-07); extractor no ejecutado,
https://runedia.mundodeportivo.com/,historial del usuario,fuente o página informativa,2026-09-07,200,,permitido,URL comprobada por Lovable,,,,,,resultado reutilizado de la comprobación de Lovable; extractor no acreditado por HTTP,
https://runedia.mundodeportivo.com/carreras/malaga,sports:runedia:primary_url; sports:runedia:url,fuente o página informativa,2026-09-07T20:17:22Z,404,https://runedia.mundodeportivo.com/carreras/malaga,permitido,HTTP 404,,text/html,146,False,,recomprobación independiente en el entorno de auditoría de Lovable (2026-09-07); extractor no ejecutado,
https://salamartemalaga.com/,historial del usuario; legacy:sala-marte:entrypoints_detected; legacy:sala-marte:fallback_entrypoint; registry:sala-marte:url,fuente o página informativa,2026-09-07,200,,permitido,URL comprobada por Lovable,rss;wp,,,,,resultado reutilizado de la comprobación de Lovable; extractor no acreditado por HTTP,
https://salamartemalaga.com/eventos,legacy:sala-marte:chosen_entrypoint; legacy:sala-marte:entrypoints_detected,fuente o página informativa,2026-09-07T20:17:22Z,,https://salamartemalaga.com/eventos,permitido,timeout,,,,,,recomprobación independiente en el entorno de auditoría de Lovable (2026-09-07); extractor no ejecutado,timeout
https://salamartemalaga.com/events,legacy:sala-marte:entrypoints_detected,fuente o página informativa,2026-09-07T20:17:22Z,200,https://salamartemalaga.com/events/,permitido,HTTP 200,,text/html; charset=UTF-8,90415,False,,recomprobación independiente en el entorno de auditoría de Lovable (2026-09-07); extractor no ejecutado,
https://salamartemalaga.com/events/mes,legacy:sala-marte:entrypoints_detected,fuente o página informativa,2026-09-07T20:17:23Z,200,https://salamartemalaga.com/events/mes/,permitido,HTTP 200,,text/html; charset=UTF-8,187506,False,,recomprobación independiente en el entorno de auditoría de Lovable (2026-09-07); extractor no ejecutado,
https://salamartemalaga.com/page-404,legacy:sala-marte:entrypoints_detected,fuente o página informativa,2026-09-07T20:17:32Z,200,https://salamartemalaga.com/page-404/,permitido,HTTP 200,,text/html; charset=UTF-8,56085,False,,recomprobación independiente en el entorno de auditoría de Lovable (2026-09-07); extractor no ejecutado,
https://salatrinchera.com/,historial del usuario; legacy:sala-trinchera:entrypoints_detected; legacy:sala-trinchera:fallback_entrypoint; registry:sala-trinchera:url,fuente o página informativa,2026-09-07,200,,permitido,URL comprobada por Lovable,rss;wp,,,,,resultado reutilizado de la comprobación de Lovable; extractor no acreditado por HTTP,
https://salatrinchera.com/category/proximos-eventos,historial del usuario; legacy:sala-trinchera:chosen_entrypoint; legacy:sala-trinchera:entrypoints_detected,fuente o página informativa,2026-09-07,200,,permitido,URL comprobada por Lovable,rss;wp,,,,,resultado reutilizado de la comprobación de Lovable; extractor no acreditado por HTTP,
https://salatrinchera.com/proximos-eventos,registry:src-sala-trinchera-p:url,fuente o página informativa,2026-09-07T20:17:40Z,200,https://salatrinchera.com/proximos-eventos/,permitido,HTTP 200,,text/html; charset=UTF-8,14010,False,,recomprobación independiente en el entorno de auditoría de Lovable (2026-09-07); extractor no ejecutado,
https://starlitefestival.com/,historial del usuario; registry:starlite-marbella:url,fuente o página informativa,2026-09-07,200,,permitido,URL comprobada por Lovable,wp,,,,,resultado reutilizado de la comprobación de Lovable; extractor no acreditado por HTTP,
https://starlitefestival.com/en/home,registry:src-starlite:url,fuente o página informativa,2026-09-07T20:17:41Z,200,https://starlitefestival.com/en/home,permitido,HTTP 200,,text/html; charset=utf-8,201487,False,,recomprobación independiente en el entorno de auditoría de Lovable (2026-09-07); extractor no ejecutado,
https://teatrodelsoho.com/,historial del usuario; legacy:teatro-soho:fallback_entrypoint; registry:src-teatro-soho-p:url,fuente o página informativa,2026-09-07T20:18:24Z,200,https://teatrodelsoho.com/,permitido,HTTP 200,wp,text/html; charset=UTF-8,274903,False,,recomprobación independiente 2026-09-07 (sustitución/ICS verificada),
https://teatrodelsoho.com/evento,historial del usuario,fuente o página informativa,2026-09-07,404,,permitido,URL comprobada por Lovable,wp,,,,,resultado reutilizado de la comprobación de Lovable; extractor no acreditado por HTTP,
https://teatrodelsoho.com/evento/godspell,historial del usuario,fuente o página informativa,2026-09-07,200,,permitido,URL comprobada por Lovable,jsonld_event;wp,,,,,resultado reutilizado de la comprobación de Lovable; extractor no acreditado por HTTP,
https://teatrodelsoho.com/programacion,historial del usuario; legacy:teatro-soho:entrypoints_detected,fuente o página informativa,2026-09-07,200,,permitido,URL comprobada por Lovable,rss;wp,,,,,resultado reutilizado de la comprobación de Lovable; extractor no acreditado por HTTP,
https://teatrodelsoho.com/programacion?temporada=temporada-2025-2026,historial del usuario; legacy:teatro-soho:chosen_entrypoint; legacy:teatro-soho:entrypoints_detected,fuente o página informativa,2026-09-07,200,,permitido,URL comprobada por Lovable,rss;wp,,,,,resultado reutilizado de la comprobación de Lovable; extractor no acreditado por HTTP,
https://teatroechegaray.com/,registry:teatro-echegaray:url,fuente o página informativa,2026-09-07T20:17:41Z,403,https://teatroechegaray.com/,permitido,HTTP 403,,text/html; charset=UTF-8,5367,False,,recomprobación independiente en el entorno de auditoría de Lovable (2026-09-07); extractor no ejecutado,
https://teatroestepona.com/events,historial del usuario; legacy:teatro-estepona:chosen_entrypoint,fuente o página informativa,2026-09-07,200,,permitido,URL comprobada por Lovable,jsonld_event;rss;wp,,,,,resultado reutilizado de la comprobación de Lovable; extractor no acreditado por HTTP,
https://ticketandroll.com/local/bar-la-garrapata,historial del usuario; legacy:la-garrapata:chosen_entrypoint,fuente o página informativa,2026-09-07,200,,permitido,URL comprobada por Lovable,jsonld_event,,,,,resultado reutilizado de la comprobación de Lovable; extractor no acreditado por HTTP,
https://tickets.rfef.es/,historial del usuario; sports:rfef-tickets:primary_url; sports:rfef-tickets:url,fuente o página informativa,2026-09-07,200,,permitido,URL comprobada por Lovable,wp,,,,,resultado reutilizado de la comprobación de Lovable; extractor no acreditado por HTTP,
https://torremolinoscultura.es/eventos,registry:src-torremolinos-cultura:url,fuente o página informativa,2026-09-07T20:17:42Z,200,https://torremolinoscultura.es/eventos,sin robots.txt (404),HTTP 200,,text/html; charset=UTF-8,314419,False,,recomprobación independiente en el entorno de auditoría de Lovable (2026-09-07); extractor no ejecutado,
https://turismo.mijas.es/es/12-principal/cultura/13-agenda-cultural,historial del usuario; legacy:turismo-mijas:chosen_entrypoint,fuente o página informativa,2026-09-07,200,,permitido,URL comprobada por Lovable,,,,,,resultado reutilizado de la comprobación de Lovable; extractor no acreditado por HTTP,
https://turismocoin.es/agenda,historial del usuario; legacy:turismo-coin:chosen_entrypoint,fuente o página informativa,2026-09-07,200,,permitido,URL comprobada por Lovable,,,,,,resultado reutilizado de la comprobación de Lovable; extractor no acreditado por HTTP,
https://venta.unicajabaloncesto.com/es/proximos-partidos,historial del usuario; sports:unicaja-tickets:primary_url; sports:unicaja-tickets:url,fuente o página informativa,2026-09-07,200,,permitido,URL comprobada por Lovable,,,,,,resultado reutilizado de la comprobación de Lovable; extractor no acreditado por HTTP,
https://visita.malaga.eu/es/que-ver-y-hacer/agenda,historial del usuario; registry:src-agenda-visit-malaga:url,fuente o página informativa,2026-09-07,403,,permitido,URL comprobada por Lovable,,,,,,resultado reutilizado de la comprobación de Lovable; extractor no acreditado por HTTP,
https://www.acb.com/club/partidos/id/14,historial del usuario; sports:acb-unicaja:primary_url; sports:acb-unicaja:url,fuente o página informativa,2026-09-07,200,,permitido,URL comprobada por Lovable,,,,,cuerpo truncado,resultado reutilizado de la comprobación de Lovable; extractor no acreditado por HTTP,
https://www.alora.es/,registry:municipal-alora:url,fuente o página informativa,2026-09-07T20:17:42Z,,,no verificable,robots no verificable; contenido no solicitado,,,,,,recomprobación independiente en el entorno de auditoría de Lovable (2026-09-07); extractor no ejecutado,
https://www.andaluzabaloncesto.org/,historial del usuario,fuente o página informativa,2026-09-07,200,,permitido,URL comprobada por Lovable,,,,,,resultado reutilizado de la comprobación de Lovable; extractor no acreditado por HTTP,
https://www.antequera.es/,historial del usuario; registry:municipal-antequera:url,fuente o página informativa,2026-09-07,200,,permitido,URL comprobada por Lovable,,,,,,resultado reutilizado de la comprobación de Lovable; extractor no acreditado por HTTP,
https://www.archidona.es/,historial del usuario; registry:municipal-archidona:url,fuente o página informativa,2026-09-07,403,,permitido,URL comprobada por Lovable,,,,,,resultado reutilizado de la comprobación de Lovable; extractor no acreditado por HTTP,
https://www.archidona.es/4303/agenda,registry:src-agenda-archidona-p:url,fuente o página informativa,2026-09-07T20:17:42Z,,,no verificable (403),robots no verificable; contenido no solicitado,,,,,,recomprobación independiente en el entorno de auditoría de Lovable (2026-09-07); extractor no ejecutado,
https://www.ardales.es/,registry:municipal-ardales:url,fuente o página informativa,2026-09-07T20:17:42Z,,,no verificable (403),robots no verificable; contenido no solicitado,,,,,,recomprobación independiente en el entorno de auditoría de Lovable (2026-09-07); extractor no ejecutado,
https://www.badmintonandalucia.es/calendario,historial del usuario,fuente o página informativa,2026-09-07,200,,permitido,URL comprobada por Lovable,rss;wp,,,,,resultado reutilizado de la comprobación de Lovable; extractor no acreditado por HTTP,
https://www.benalmadena.es/,historial del usuario; registry:municipal-benalmadena:url,fuente o página informativa,2026-09-07,200,,permitido,URL comprobada por Lovable,rss,,,,,resultado reutilizado de la comprobación de Lovable; extractor no acreditado por HTTP,
https://www.benalmadena.es/pags/agenda.php,historial del usuario; legacy:ayto-benalmadena:chosen_entrypoint; registry:src-agenda-benalmadena:url,fuente o página informativa,2026-09-07,200,,permitido,URL comprobada por Lovable,rss,,,,,resultado reutilizado de la comprobación de Lovable; extractor no acreditado por HTTP,
https://www.besoccer.com/equipo/calendario/malaga,sports:besoccer-malaga:primary_url; sports:besoccer-malaga:url,fuente o página informativa,2026-09-07T20:17:42Z,,,no verificable (406),robots no verificable; contenido no solicitado,,,,,,recomprobación independiente en el entorno de auditoría de Lovable (2026-09-07); extractor no ejecutado,
https://www.canelaparty.com/,historial del usuario; registry:canela-party:url,fuente o página informativa,2026-09-07,200,,permitido,URL comprobada por Lovable,,,,,,resultado reutilizado de la comprobación de Lovable; extractor no acreditado por HTTP,
https://www.carmenthyssenmalaga.org/,historial del usuario; registry:museo-thyssen:url,fuente o página informativa,2026-09-07,200,,permitido,URL comprobada por Lovable,,,,,,resultado reutilizado de la comprobación de Lovable; extractor no acreditado por HTTP,
https://www.carmenthyssenmalaga.org/actividades,registry:src-thyssen-p:url,fuente o página informativa,2026-09-07T20:17:42Z,200,https://www.carmenthyssenmalaga.org/actividades,permitido,HTTP 200,,text/html; charset=UTF-8,41166,False,,recomprobación independiente en el entorno de auditoría de Lovable (2026-09-07); extractor no ejecutado,timeout
https://www.cartama.es/,historial del usuario; registry:municipal-cartama:url,fuente o página informativa,2026-09-07,403,,permitido,URL comprobada por Lovable,,,,,,resultado reutilizado de la comprobación de Lovable; extractor no acreditado por HTTP,
https://www.cartama.es/135/agenda,registry:src-agenda-cartama-p:url,fuente o página informativa,2026-09-07T20:17:43Z,,,no verificable (403),robots no verificable; contenido no solicitado,,,,,,recomprobación independiente en el entorno de auditoría de Lovable (2026-09-07); extractor no ejecutado,
https://www.casares.es/,historial del usuario; registry:municipal-casares:url,fuente o página informativa,2026-09-07,200,,permitido,URL comprobada por Lovable,rss;wp,,,,,resultado reutilizado de la comprobación de Lovable; extractor no acreditado por HTTP,
https://www.casares.es/agenda-cultura,registry:src-agenda-casares:url,fuente o página informativa,2026-09-07T20:17:43Z,200,https://www.casares.es/agenda-cultura/,permitido,HTTP 200,,text/html; charset=UTF-8,180915,False,,recomprobación independiente en el entorno de auditoría de Lovable (2026-09-07); extractor no ejecutado,
https://www.centroculturalmva.es/,registry:src-centro-mva-p:url,fuente o página informativa,2026-09-07T20:17:44Z,,,no verificable (403),robots no verificable; contenido no solicitado,,,,,,recomprobación independiente en el entorno de auditoría de Lovable (2026-09-07); extractor no ejecutado,
https://www.centroculturalmva.es/6806/agenda,historial del usuario; legacy:centro-cultural-mva:chosen_entrypoint,fuente o página informativa,2026-09-07,403,,permitido,URL comprobada por Lovable,,,,,,resultado reutilizado de la comprobación de Lovable; extractor no acreditado por HTTP,
https://www.clubbalonmanomalaga.es/,historial del usuario,fuente o página informativa,2026-09-07,200,,permitido,URL comprobada por Lovable,,,,,,resultado reutilizado de la comprobación de Lovable; extractor no acreditado por HTTP,
https://www.coin.es/,historial del usuario; registry:municipal-coin:url,fuente o página informativa,2026-09-07,200,,permitido,URL comprobada por Lovable,,,,,,resultado reutilizado de la comprobación de Lovable; extractor no acreditado por HTTP,
https://www.coleccionmuseoruso.es/,registry:src-museo-ruso:url,fuente o página informativa,2026-09-07T20:17:45Z,200,https://www.coleccionmuseoruso.es/,permitido,HTTP 200,,text/html; charset=UTF-8,243143,False,,recomprobación independiente en el entorno de auditoría de Lovable (2026-09-07); extractor no ejecutado,
https://www.elcorteingles.es/entradas/recintos/malaga/teatro-del-soho-caixabank,historial del usuario,fuente o página informativa,2026-09-07,403,,permitido,URL comprobada por Lovable,,,,,,resultado reutilizado de la comprobación de Lovable; extractor no acreditado por HTTP,
https://www.entradas.com/,historial del usuario; sports:entradas-com:primary_url; sports:entradas-com:url,fuente o página informativa,2026-09-07,timeout,,permitido,URL comprobada por Lovable,,,,,,resultado reutilizado de la comprobación de Lovable; extractor no acreditado por HTTP,
https://www.entradas.com/city/malaga-490,historial del usuario,fuente o página informativa,2026-09-07,timeout,,permitido,URL comprobada por Lovable,,,,,,resultado reutilizado de la comprobación de Lovable; extractor no acreditado por HTTP,
https://www.entradas.com/city/malaga-490/conciertos-y-festivales-85,historial del usuario,fuente o página informativa,2026-09-07,timeout,,permitido,URL comprobada por Lovable,,,,,,resultado reutilizado de la comprobación de Lovable; extractor no acreditado por HTTP,
https://www.entradas.com/city/malaga-490?pnum=3,historial del usuario,fuente o página informativa,2026-09-07,timeout,,permitido,URL comprobada por Lovable,,,,,,resultado reutilizado de la comprobación de Lovable; extractor no acreditado por HTTP,
https://www.estepona.es/,historial del usuario; registry:municipal-estepona:url,fuente o página informativa,2026-09-07,200,,permitido,URL comprobada por Lovable,,,,,,resultado reutilizado de la comprobación de Lovable; extractor no acreditado por HTTP,
https://www.eventbrite.es/d/spain--m%C3%A1laga/malaga,historial del usuario,fuente o página informativa,2026-09-07,405,,permitido,URL comprobada por Lovable,,,,,,resultado reutilizado de la comprobación de Lovable; extractor no acreditado por HTTP,
https://www.eventualmusic.com/,historial del usuario; legacy:eventual-music:entrypoints_detected; legacy:eventual-music:fallback_entrypoint,fuente o página informativa,2026-09-07,200,,permitido,URL comprobada por Lovable,,,,,,resultado reutilizado de la comprobación de Lovable; extractor no acreditado por HTTP,
https://www.eventualmusic.com/contacto.php,legacy:eventual-music:entrypoints_detected,fuente o página informativa,2026-09-07T20:17:45Z,200,https://www.eventualmusic.com/contacto.php,sin robots.txt (404),HTTP 200,,text/html,13381,False,,recomprobación independiente en el entorno de auditoría de Lovable (2026-09-07); extractor no ejecutado,
https://www.eventualmusic.com/lasala.php,legacy:eventual-music:entrypoints_detected,fuente o página informativa,2026-09-07T20:17:46Z,200,https://www.eventualmusic.com/lasala.php,sin robots.txt (404),HTTP 200,,text/html,21957,False,,recomprobación independiente en el entorno de auditoría de Lovable (2026-09-07); extractor no ejecutado,
https://www.eventualmusic.com/programacion.php,legacy:eventual-music:chosen_entrypoint; legacy:eventual-music:entrypoints_detected,fuente o página informativa,2026-09-07T20:17:46Z,200,https://www.eventualmusic.com/programacion.php,sin robots.txt (404),HTTP 200,,text/html,13766,False,,recomprobación independiente en el entorno de auditoría de Lovable (2026-09-07); extractor no ejecutado,
https://www.eventualmusic.com/salasdeensayo.php,legacy:eventual-music:entrypoints_detected,fuente o página informativa,2026-09-07T20:17:46Z,200,https://www.eventualmusic.com/salasdeensayo.php,sin robots.txt (404),HTTP 200,,text/html,13286,False,,recomprobación independiente en el entorno de auditoría de Lovable (2026-09-07); extractor no ejecutado,
https://www.facebook.com/LaGarrapataBar,historial del usuario,red social,2026-09-07T20:17:46Z,,,prohibido,excluida por robots,,,,,,recomprobación independiente en el entorno de auditoría de Lovable (2026-09-07); extractor no ejecutado,
https://www.facebook.com/lagarrapatamalaga,historial del usuario; registry:la-garrapata:url,red social,2026-09-07T20:17:46Z,,,prohibido,excluida por robots,,,,,,recomprobación independiente en el entorno de auditoría de Lovable (2026-09-07); extractor no ejecutado,
https://www.fam.es/calendario-de-pruebas,sports:fam-atletismo:primary_url; sports:fam-atletismo:url,fuente o página informativa,2026-09-07T20:17:46Z,404,https://www.fam.es/calendario-de-pruebas,permitido,HTTP 404,,text/html; charset=UTF-8,2595,False,,recomprobación independiente en el entorno de auditoría de Lovable (2026-09-07); extractor no ejecutado,
https://www.fancine.org/,historial del usuario; registry:fancine:url,fuente o página informativa,2026-09-07,200,,permitido,URL comprobada por Lovable,wp,,,,,resultado reutilizado de la comprobación de Lovable; extractor no acreditado por HTTP,
https://www.farmaceuticos.com/farmacias-de-guardia/malaga,historial del usuario,fuente o página informativa,2026-09-07,200,,permitido,URL comprobada por Lovable,rss;wp,,,,,resultado reutilizado de la comprobación de Lovable; extractor no acreditado por HTTP,
https://www.farmacias.es/malaga/29001,historial del usuario,fuente o página informativa,2026-09-07,200,,permitido,URL comprobada por Lovable,,,,,,resultado reutilizado de la comprobación de Lovable; extractor no acreditado por HTTP,
https://www.farmacias.es/malaga/29002,historial del usuario,fuente o página informativa,2026-09-07,200,,permitido,URL comprobada por Lovable,,,,,,resultado reutilizado de la comprobación de Lovable; extractor no acreditado por HTTP,
https://www.farmacias.es/malaga/29003,historial del usuario,fuente o página informativa,2026-09-07,200,,permitido,URL comprobada por Lovable,,,,,,resultado reutilizado de la comprobación de Lovable; extractor no acreditado por HTTP,
https://www.farmacias.es/malaga/29004,historial del usuario,fuente o página informativa,2026-09-07,200,,permitido,URL comprobada por Lovable,,,,,,resultado reutilizado de la comprobación de Lovable; extractor no acreditado por HTTP,
https://www.farmacias.es/malaga/29005,historial del usuario,fuente o página informativa,2026-09-07,200,,permitido,URL comprobada por Lovable,,,,,,resultado reutilizado de la comprobación de Lovable; extractor no acreditado por HTTP,
https://www.farmacias.es/malaga/29006,historial del usuario,fuente o página informativa,2026-09-07,200,,permitido,URL comprobada por Lovable,,,,,,resultado reutilizado de la comprobación de Lovable; extractor no acreditado por HTTP,
https://www.farmacias.es/malaga/29007,historial del usuario,fuente o página informativa,2026-09-07,200,,permitido,URL comprobada por Lovable,,,,,,resultado reutilizado de la comprobación de Lovable; extractor no acreditado por HTTP,
https://www.farmacias.es/malaga/29008,historial del usuario,fuente o página informativa,2026-09-07,200,,permitido,URL comprobada por Lovable,,,,,,resultado reutilizado de la comprobación de Lovable; extractor no acreditado por HTTP,
https://www.farmacias.es/malaga/29009,historial del usuario,fuente o página informativa,2026-09-07,200,,permitido,URL comprobada por Lovable,,,,,,resultado reutilizado de la comprobación de Lovable; extractor no acreditado por HTTP,
https://www.farmacias.es/malaga/29010,historial del usuario,fuente o página informativa,2026-09-07,200,,permitido,URL comprobada por Lovable,,,,,,resultado reutilizado de la comprobación de Lovable; extractor no acreditado por HTTP,
https://www.farmacias.es/malaga/29011,historial del usuario,fuente o página informativa,2026-09-07,200,,permitido,URL comprobada por Lovable,,,,,,resultado reutilizado de la comprobación de Lovable; extractor no acreditado por HTTP,
https://www.farmacias.es/malaga/29012,historial del usuario,fuente o página informativa,2026-09-07,200,,permitido,URL comprobada por Lovable,,,,,,resultado reutilizado de la comprobación de Lovable; extractor no acreditado por HTTP,
https://www.farmacias.es/malaga/29013,historial del usuario,fuente o página informativa,2026-09-07,200,,permitido,URL comprobada por Lovable,,,,,,resultado reutilizado de la comprobación de Lovable; extractor no acreditado por HTTP,
https://www.farmacias.es/malaga/29014,historial del usuario,fuente o página informativa,2026-09-07,200,,permitido,URL comprobada por Lovable,,,,,,resultado reutilizado de la comprobación de Lovable; extractor no acreditado por HTTP,
https://www.farmacias.es/malaga/29015,historial del usuario,fuente o página informativa,2026-09-07,200,,permitido,URL comprobada por Lovable,,,,,,resultado reutilizado de la comprobación de Lovable; extractor no acreditado por HTTP,
https://www.farmacias.es/malaga/29016,historial del usuario,fuente o página informativa,2026-09-07,200,,permitido,URL comprobada por Lovable,,,,,,resultado reutilizado de la comprobación de Lovable; extractor no acreditado por HTTP,
https://www.farmacias.es/malaga/29017,historial del usuario,fuente o página informativa,2026-09-07,200,,permitido,URL comprobada por Lovable,,,,,,resultado reutilizado de la comprobación de Lovable; extractor no acreditado por HTTP,
https://www.farmacias.es/malaga/29018,historial del usuario,fuente o página informativa,2026-09-07,200,,permitido,URL comprobada por Lovable,,,,,,resultado reutilizado de la comprobación de Lovable; extractor no acreditado por HTTP,
https://www.farmacias.es/malaga/abiertas-ahora,historial del usuario,fuente o página informativa,2026-09-07,200,,permitido,URL comprobada por Lovable,,,,,,resultado reutilizado de la comprobación de Lovable; extractor no acreditado por HTTP,
https://www.farmacias.es/malaga/fuengirola,historial del usuario,fuente o página informativa,2026-09-07,200,,permitido,URL comprobada por Lovable,,,,,,resultado reutilizado de la comprobación de Lovable; extractor no acreditado por HTTP,
https://www.farmacias.es/malaga/malaga,historial del usuario,fuente o página informativa,2026-09-07,200,,permitido,URL comprobada por Lovable,,,,,,resultado reutilizado de la comprobación de Lovable; extractor no acreditado por HTTP,
https://www.farmacias.es/malaga/marbella,historial del usuario,fuente o página informativa,2026-09-07,200,,permitido,URL comprobada por Lovable,,,,,,resultado reutilizado de la comprobación de Lovable; extractor no acreditado por HTTP,
https://www.farmacias.es/malaga/torremolinos,historial del usuario,fuente o página informativa,2026-09-07,200,,permitido,URL comprobada por Lovable,,,,,,resultado reutilizado de la comprobación de Lovable; extractor no acreditado por HTTP,
https://www.frigiliana.es/,registry:municipal-frigiliana:url,fuente o página informativa,2026-09-07T20:17:46Z,200,https://frigiliana.es/,permitido,HTTP 200,,text/html; charset=UTF-8,205188,False,,recomprobación independiente en el entorno de auditoría de Lovable (2026-09-07); extractor no ejecutado,
https://www.fuengirola.es/,historial del usuario; registry:municipal-fuengirola:url,fuente o página informativa,2026-09-07,200,,permitido,URL comprobada por Lovable,rss;wp,,,,,resultado reutilizado de la comprobación de Lovable; extractor no acreditado por HTTP,
https://www.fuengirola.es/agenda,registry:src-agenda-fuengirola:url,fuente o página informativa,2026-09-07T20:17:52Z,200,https://www.fuengirola.es/agenda/,permitido,HTTP 200,Event JSON-LD,text/html; charset=UTF-8,459865,False,,recomprobación independiente en el entorno de auditoría de Lovable (2026-09-07); extractor no ejecutado,
https://www.fuengirola.es/concejalia/concejalia-de-deportes,historial del usuario; sports:fuengirola-deportes:primary_url; sports:fuengirola-deportes:url,fuente o página informativa,2026-09-07,200,,permitido,URL comprobada por Lovable,rss;wp,,,,,resultado reutilizado de la comprobación de Lovable; extractor no acreditado por HTTP,
https://www.fundacionunicaja.com/cultura,historial del usuario; registry:fundacion-unicaja-cultura:url,fuente o página informativa,2026-09-07,200,,permitido,URL comprobada por Lovable,rss;wp,,,,cuerpo truncado,resultado reutilizado de la comprobación de Lovable; extractor no acreditado por HTTP,
https://www.fycma.com/,historial del usuario,fuente o página informativa,2026-09-07,200,,permitido,URL comprobada por Lovable,rss;wp,,,,cuerpo truncado,resultado reutilizado de la comprobación de Lovable; extractor no acreditado por HTTP,
https://www.google.com/maps/search?api=1&query={direccion_encoded},historial del usuario,plantilla o ejemplo incompleto,2026-09-07T19:23:28Z,,,,no procede solicitar como agenda,,,,,plantilla o ejemplo incompleto,comprobación independiente de URL; extractor no ejecutado,
https://www.i-sierradelasnieves.com/eventos,historial del usuario; registry:src-eventos-sierra-de-las-nieves:url,fuente o página informativa,2026-09-07,200,,permitido,URL comprobada por Lovable,rss;wp,,,,,resultado reutilizado de la comprobación de Lovable; extractor no acreditado por HTTP,
https://www.icofma.es/es,historial del usuario,fuente o página informativa,2026-09-07,200,,permitido,URL comprobada por Lovable,rss,,,,,resultado reutilizado de la comprobación de Lovable; extractor no acreditado por HTTP,
https://www.icofma.es/farmacias-de-guardia,historial del usuario,fuente o página informativa,2026-09-07,200,,permitido,URL comprobada por Lovable,rss,,,,,resultado reutilizado de la comprobación de Lovable; extractor no acreditado por HTTP,
https://www.ine.es/daco/daco42/codmun/26codmun.xlsx,historial del usuario,fuente o página informativa,2026-09-07,200,,permitido,URL comprobada por Lovable,,,,,,resultado reutilizado de la comprobación de Lovable; extractor no acreditado por HTTP,
https://www.instagram.com/barlagarrapata,historial del usuario,red social,2026-09-07T20:17:54Z,,,prohibido,excluida por robots,,,,,,recomprobación independiente en el entorno de auditoría de Lovable (2026-09-07); extractor no ejecutado,
https://www.instagram.com/core.disco,historial del usuario,red social,2026-09-07T20:17:54Z,,,prohibido,excluida por robots,,,,,,recomprobación independiente en el entorno de auditoría de Lovable (2026-09-07); extractor no ejecutado,
https://www.instagram.com/roadhousemlg,historial del usuario,red social,2026-09-07T20:17:54Z,,,prohibido,excluida por robots,,,,,,recomprobación independiente en el entorno de auditoría de Lovable (2026-09-07); extractor no ejecutado,
https://www.instagram.com/zzpub,historial del usuario,red social,2026-09-07T20:17:54Z,,,prohibido,excluida por robots,,,,,,recomprobación independiente en el entorno de auditoría de Lovable (2026-09-07); extractor no ejecutado,
https://www.ironman.com/im703-malaga,historial del usuario; sports:ironman-malaga:primary_url; sports:ironman-malaga:url,fuente o página informativa,2026-09-07,200,,permitido,URL comprobada por Lovable,jsonld_event,,,,cuerpo truncado,resultado reutilizado de la comprobación de Lovable; extractor no acreditado por HTTP,
https://www.juntadeandalucia.es/cultura/aaiicc/teatros/teatro-canovas,historial del usuario; registry:teatro-canovas:url,fuente o página informativa,2026-09-07,200,,permitido,URL comprobada por Lovable,,,,,,resultado reutilizado de la comprobación de Lovable; extractor no acreditado por HTTP,
https://www.juntadeandalucia.es/cultura/agendaculturaldeandalucia/malaga,historial del usuario; registry:src-junta-agenda-malaga:url,fuente o página informativa,2026-09-07,200,,permitido,URL comprobada por Lovable,,,,,,resultado reutilizado de la comprobación de Lovable; extractor no acreditado por HTTP,
https://www.juntadeandalucia.es/organismos/culturaydeporte/areas/deporte/entidades-deportivas/registro-entidades-deportivas.html,historial del usuario,fuente o página informativa,2026-09-07,200,,permitido,URL comprobada por Lovable,,,,,,resultado reutilizado de la comprobación de Lovable; extractor no acreditado por HTTP,
https://www.koobin.com/deportes/malaga,sports:koobin-deportes:primary_url; sports:koobin-deportes:url,fuente o página informativa,2026-09-07T20:17:54Z,403,https://www.koobin.com/deportes/malaga,permitido,HTTP 403,,application/xml,111,False,,recomprobación independiente en el entorno de auditoría de Lovable (2026-09-07); extractor no ejecutado,
https://www.lacocheracabaret.com/,historial del usuario; registry:cochera-cabaret:url,fuente o página informativa,2026-09-07,200,,permitido,URL comprobada por Lovable,rss;wp,,,,,resultado reutilizado de la comprobación de Lovable; extractor no acreditado por HTTP,
https://www.laliga.com/clubes/malaga-cf/proximos-partidos,historial del usuario; sports:laliga-malaga:primary_url; sports:laliga-malaga:url,fuente o página informativa,2026-09-07,200,,permitido,URL comprobada por Lovable,jsonld_event,,,,cuerpo truncado,resultado reutilizado de la comprobación de Lovable; extractor no acreditado por HTTP,
https://www.lanocheenblancomalaga.com/programa,registry:src-noche-blanco:url,fuente o página informativa,2026-09-07T20:17:55Z,200,https://www.lanocheenblancomalaga.com/programa/,permitido,HTTP 200,,text/html; charset=UTF-8,120945,False,,recomprobación independiente en el entorno de auditoría de Lovable (2026-09-07); extractor no ejecutado,
https://www.latermicamalaga.com/,historial del usuario; registry:la-termica:url,fuente o página informativa,2026-09-07,200,,permitido,URL comprobada por Lovable,wp,,,,,resultado reutilizado de la comprobación de Lovable; extractor no acreditado por HTTP,
https://www.latermicamalaga.com/agenda,historial del usuario; scraping:La Térmica:url,fuente o página informativa,2026-09-07,200,,permitido,URL comprobada por Lovable,wp,,,,,resultado reutilizado de la comprobación de Lovable; extractor no acreditado por HTTP,
https://www.latermicamalaga.com/programacion,historial del usuario,fuente o página informativa,2026-09-07,200,,permitido,URL comprobada por Lovable,wp,,,,,resultado reutilizado de la comprobación de Lovable; extractor no acreditado por HTTP,
https://www.malaga.es/,registry:auditorio-edgar-neville:url,fuente o página informativa,2026-09-07T20:17:56Z,,,no verificable (403),robots no verificable; contenido no solicitado,,,,,,recomprobación independiente en el entorno de auditoría de Lovable (2026-09-07); extractor no ejecutado,
https://www.malaga.es/cultura/agenda,scraping:Diputación de Málaga Cultura:url,fuente o página informativa,2026-09-07T20:17:56Z,,,no verificable (403),robots no verificable; contenido no solicitado,,,,,,recomprobación independiente en el entorno de auditoría de Lovable (2026-09-07); extractor no ejecutado,
https://www.malaga.es/culturama/2157/agenda,historial del usuario; legacy:culturama-diputacion:chosen_entrypoint; registry:src-culturama-agenda:url,fuente o página informativa,2026-09-07,403,,permitido,URL comprobada por Lovable,,,,,,resultado reutilizado de la comprobación de Lovable; extractor no acreditado por HTTP,
https://www.malaga.es/delegacioncultura/487/agenda,registry:src-delegacion-de-cultura:url,fuente o página informativa,2026-09-07T20:17:56Z,,,no verificable (403),robots no verificable; contenido no solicitado,,,,,,recomprobación independiente en el entorno de auditoría de Lovable (2026-09-07); extractor no ejecutado,
https://www.malaga.es/deportes,sports:diputacion-deportes:primary_url; sports:diputacion-deportes:url,fuente o página informativa,2026-09-07T20:17:56Z,,,no verificable (403),robots no verificable; contenido no solicitado,,,,,,recomprobación independiente en el entorno de auditoría de Lovable (2026-09-07); extractor no ejecutado,
https://www.malaga.es/deportes/1321/agenda,historial del usuario; sports:diputacion-malaga-deportes:primary_url; sports:diputacion-malaga-deportes:url,fuente o página informativa,2026-09-07,403,,permitido,URL comprobada por Lovable,,,,,,resultado reutilizado de la comprobación de Lovable; extractor no acreditado por HTTP,
https://www.malaga.es/deportes/1322/programas,historial del usuario; sports:diputacion-malaga-deportes:secondary_urls,fuente o página informativa,2026-09-07,403,,permitido,URL comprobada por Lovable,,,,,,resultado reutilizado de la comprobación de Lovable; extractor no acreditado por HTTP,
https://www.malaga.es/es/laprovincia/3315/agenda,historial del usuario; registry:src-agenda-provincial:url,fuente o página informativa,2026-09-07,403,,permitido,URL comprobada por Lovable,,,,,,resultado reutilizado de la comprobación de Lovable; extractor no acreditado por HTTP,
https://www.malaga.es/mva,historial del usuario; registry:mva:url,fuente o página informativa,2026-09-07,403,,permitido,URL comprobada por Lovable,,,,,,resultado reutilizado de la comprobación de Lovable; extractor no acreditado por HTTP,
https://www.malaga.eu/,historial del usuario; registry:agenda-malaga-ayuntamiento:url; registry:auditorio-cortijo-torres:url; registry:auditorio-eduardo-ocon:url; registry:ayto-malaga:url; registry:feria-malaga:url; registry:malaga-forum:url,fuente o página informativa,2026-09-07,200,,permitido,URL comprobada por Lovable,,,,,,resultado reutilizado de la comprobación de Lovable; extractor no acreditado por HTTP,
https://www.malaga.eu/deportes,registry:carreras-populares-malaga:url,fuente o página informativa,2026-09-07T20:17:56Z,404,https://www.malaga.eu/deportes,permitido,HTTP 404,,text/html,78,False,,recomprobación independiente en el entorno de auditoría de Lovable (2026-09-07); extractor no ejecutado,
https://www.malaga.eu/eventos,historial del usuario,fuente o página informativa,2026-09-07,200,,permitido,URL comprobada por Lovable,,,,,,resultado reutilizado de la comprobación de Lovable; extractor no acreditado por HTTP,
https://www.malaga.eu/la-ciudad/agenda,historial del usuario; legacy:agenda-municipal:chosen_entrypoint; registry:src-agenda-municipal-malaga:url; scraping:Agenda Municipal Málaga:url,fuente o página informativa,2026-09-07,200,,permitido,URL comprobada por Lovable,,,,,,resultado reutilizado de la comprobación de Lovable; extractor no acreditado por HTTP,
https://www.malaga.eu/la-ciudad/agenda/index.html?mas=true&pageNum=1,historial del usuario; legacy:agenda-municipal:fallback_entrypoint,fuente o página informativa,2026-09-07,200,,permitido,URL comprobada por Lovable,,,,,,resultado reutilizado de la comprobación de Lovable; extractor no acreditado por HTTP,
https://www.malaga.eu/la-ciudad/agenda/index.html?mas=true&pageNum=N,historial del usuario,fuente o página informativa,2026-09-07T20:17:56Z,200,https://www.malaga.eu/la-ciudad/agenda/index.html?mas=true&pageNum=N,permitido,HTTP 200,,text/html;charset=UTF-8,110132,False,,recomprobación independiente en el entorno de auditoría de Lovable (2026-09-07); extractor no ejecutado,
https://www.malagacf.com/,historial del usuario; registry:malaga-cf:url,fuente o página informativa,2026-09-07,200,,permitido,URL comprobada por Lovable,,,,,,resultado reutilizado de la comprobación de Lovable; extractor no acreditado por HTTP,
https://www.malagacf.com/calendario,sports:malagacf:primary_url; sports:malagacf:url,fuente o página informativa,2026-09-07T20:17:57Z,200,https://www.malagacf.com/,permitido,HTTP 200,,text/html; charset=utf-8,338492,False,,recomprobación independiente en el entorno de auditoría de Lovable (2026-09-07); extractor no ejecutado,timeout
https://www.malagacf.com/partidos,historial del usuario,fuente o página informativa,2026-09-07,200,,permitido,URL comprobada por Lovable,,,,,,resultado reutilizado de la comprobación de Lovable; extractor no acreditado por HTTP,
https://www.malagaentradas.com/,historial del usuario; registry:malagaentradas:url; registry:src-malaga-entradas:url,fuente o página informativa,2026-09-07,200,,permitido,URL comprobada por Lovable,,,,,,resultado reutilizado de la comprobación de Lovable; extractor no acreditado por HTTP,
https://www.maratonmalaga.com/,historial del usuario; sports:maraton-malaga:primary_url; sports:maraton-malaga:url,fuente o página informativa,2026-09-07,200,,permitido,URL comprobada por Lovable,rss;wp,,,,,resultado reutilizado de la comprobación de Lovable; extractor no acreditado por HTTP,
https://www.marbella.es/,historial del usuario; registry:municipal-marbella:url,fuente o página informativa,2026-09-07,200,,permitido,URL comprobada por Lovable,,,,,,resultado reutilizado de la comprobación de Lovable; extractor no acreditado por HTTP,
https://www.marbella.es/agenda.html,registry:src-agenda-marbella:url,fuente o página informativa,2026-09-07T20:17:58Z,200,https://www.marbella.es/agenda.html,permitido,HTTP 200,,text/html; charset=utf-8,371128,False,,recomprobación independiente en el entorno de auditoría de Lovable (2026-09-07); extractor no ejecutado,
https://www.marbella.es/web/deportes/inicio.html,historial del usuario,fuente o página informativa,2026-09-07,200,,permitido,URL comprobada por Lovable,,,,,,resultado reutilizado de la comprobación de Lovable; extractor no acreditado por HTTP,
https://www.marenostrumfuengirola.com/,historial del usuario; registry:marenostrum-fuengirola:url,fuente o página informativa,2026-09-07,200,,permitido,URL comprobada por Lovable,rss;wp,,,,,resultado reutilizado de la comprobación de Lovable; extractor no acreditado por HTTP,
https://www.mientrada.net/eventos/categoria/auditorio-edgar-neville,historial del usuario; legacy:mientrada-edgar-neville:chosen_entrypoint,fuente o página informativa,2026-09-07,200,,permitido,URL comprobada por Lovable,jsonld_event;rss;wp,,,,,resultado reutilizado de la comprobación de Lovable; extractor no acreditado por HTTP,
https://www.mientrada.net/eventos/categoria/culturama,registry:src-mientrada-culturama:url,fuente o página informativa,2026-09-07T20:17:59Z,200,https://www.mientrada.net/eventos/categoria/culturama/,permitido,HTTP 200,,text/html; charset=UTF-8,87955,False,,recomprobación independiente en el entorno de auditoría de Lovable (2026-09-07); extractor no ejecutado,
https://www.mientrada.net/local/teatro-ciudad-de-marbella,historial del usuario; legacy:mientrada-marbella:chosen_entrypoint,fuente o página informativa,2026-09-07,200,,permitido,URL comprobada por Lovable,rss;wp,,,,,resultado reutilizado de la comprobación de Lovable; extractor no acreditado por HTTP,
https://www.mijas.es/,historial del usuario; registry:municipal-mijas:url,fuente o página informativa,2026-09-07,200,,permitido,URL comprobada por Lovable,wp,,,,,resultado reutilizado de la comprobación de Lovable; extractor no acreditado por HTTP,
https://www.mijas.es/portal/cultura/agenda-cultural,registry:src-agenda-mijas:url,fuente o página informativa,2026-09-07T20:17:59Z,200,https://www.mijas.es/portal/cultura/agenda-cultural/,permitido,HTTP 200,,text/html; charset=UTF-8,95364,False,,recomprobación independiente en el entorno de auditoría de Lovable (2026-09-07); extractor no ejecutado,
https://www.museopicassomalaga.org/,historial del usuario; registry:agenda-familiar-museos-malaga:url; registry:museo-picasso:url,fuente o página informativa,2026-09-07,200,,permitido,URL comprobada por Lovable,,,,,,resultado reutilizado de la comprobación de Lovable; extractor no acreditado por HTTP,
https://www.museopicassomalaga.org/actividades,scraping:Museo Picasso Málaga:url,fuente o página informativa,2026-09-07T20:18:00Z,200,https://www.museopicassomalaga.org/actividades,permitido,HTTP 200,,text/html; charset=utf-8,55673,False,,recomprobación independiente en el entorno de auditoría de Lovable (2026-09-07); extractor no ejecutado,
https://www.museopicassomalaga.org/es/actividades,registry:src-picasso-p:url,fuente o página informativa,2026-09-07T20:18:01Z,200,https://www.museopicassomalaga.org/es/actividades,permitido,HTTP 200,,text/html; charset=utf-8,55673,False,,recomprobación independiente en el entorno de auditoría de Lovable (2026-09-07); extractor no ejecutado,
https://www.museosdeandalucia.es/web/museodemalaga,historial del usuario; registry:museo-malaga:url,fuente o página informativa,2026-09-07,ssl_error,,permitido,URL comprobada por Lovable,,,,,"HTTPSConnectionPool(host='www.museosdeandalucia.es', port=443): Max retries exceeded with url: /web/museodemalaga (Cause",resultado reutilizado de la comprobación de Lovable; extractor no acreditado por HTTP,
https://www.nerja.es/,historial del usuario; registry:municipal-nerja:url,fuente o página informativa,2026-09-07,200,,permitido,URL comprobada por Lovable,rss;wp,,,,,resultado reutilizado de la comprobación de Lovable; extractor no acreditado por HTTP,
https://www.nocheenblancomalaga.com/,historial del usuario; registry:noche-en-blanco:url,fuente o página informativa,2026-09-07,conn_error,,permitido,URL comprobada por Lovable,,,,,"HTTPSConnectionPool(host='www.nocheenblancomalaga.com', port=443): Max retries exceeded with url: / (Caused by NameResol",resultado reutilizado de la comprobación de Lovable; extractor no acreditado por HTTP,
https://www.ojen.es/,historial del usuario; registry:municipal-ojen:url,fuente o página informativa,2026-09-07,403,,permitido,URL comprobada por Lovable,,,,,,resultado reutilizado de la comprobación de Lovable; extractor no acreditado por HTTP,
https://www.paris15.es/eventos,historial del usuario; registry:paris15:url,fuente o página informativa,2026-09-07,200,,permitido,URL comprobada por Lovable,rss;wp,,,,,resultado reutilizado de la comprobación de Lovable; extractor no acreditado por HTTP,
https://www.pizarra.es/,historial del usuario; registry:municipal-pizarra:url,fuente o página informativa,2026-09-07,200,,permitido,URL comprobada por Lovable,,,,,,resultado reutilizado de la comprobación de Lovable; extractor no acreditado por HTTP,
https://www.pizarra.es/agenda.php,registry:src-agenda-pizarra-p:url,fuente o página informativa,2026-09-07T20:18:01Z,200,https://www.pizarra.es/agenda.php,sin robots.txt (404),HTTP 200,,text/html,329847,False,,recomprobación independiente en el entorno de auditoría de Lovable (2026-09-07); extractor no ejecutado,
https://www.pueblosblancosmusicfestival.com/,registry:src-pueblos-blancos:url,fuente o página informativa,2026-09-07T20:18:01Z,200,https://www.pueblosblancosmusicfestival.com/,permitido,HTTP 200,,text/html; charset=UTF-8,524288,True,cuerpo limitado; no acredita contenido completo,recomprobación independiente en el entorno de auditoría de Lovable (2026-09-07); extractor no ejecutado,
https://www.rfaf.es/,historial del usuario,fuente o página informativa,2026-09-07,,,prohibido,URL comprobada por Lovable,,,,,robots.txt prohibe la ruta al agente,resultado reutilizado de la comprobación de Lovable; extractor no acreditado por HTTP,
https://www.rfaf.es/pnfg/NPcd/NFG_CmpJornada?cod_primaria=1000120,historial del usuario,fuente o página informativa,2026-09-07,,,prohibido,URL comprobada por Lovable,,,,,robots.txt prohibe la ruta al agente,resultado reutilizado de la comprobación de Lovable; extractor no acreditado por HTTP,
https://www.rfaf.es/pnfg/NPcd/NFG_LstCompeticiones_Vis?cod_primaria=1000123,historial del usuario,fuente o página informativa,2026-09-07,,,prohibido,URL comprobada por Lovable,,,,,robots.txt prohibe la ruta al agente,resultado reutilizado de la comprobación de Lovable; extractor no acreditado por HTTP,
https://www.rfaf.es/pnfg/NPcd/NFG_VisualizarCalendario,sports:rfaf-malaga:primary_url; sports:rfaf-malaga:url,fuente o página informativa,2026-09-07T20:18:01Z,,,prohibido,excluida por robots,,,,,,recomprobación independiente en el entorno de auditoría de Lovable (2026-09-07); extractor no ejecutado,
https://www.rincondelavictoria.es/,historial del usuario; registry:municipal-rincon:url,fuente o página informativa,2026-09-07,200,,permitido,URL comprobada por Lovable,,,,,,resultado reutilizado de la comprobación de Lovable; extractor no acreditado por HTTP,
https://www.rincondelavictoria.es/eventos,registry:src-eventos-rincon-p:url,fuente o página informativa,2026-09-07T20:18:01Z,200,https://www.rincondelavictoria.es/eventos,permitido,HTTP 200,,text/html; charset=UTF-8,96787,False,,recomprobación independiente en el entorno de auditoría de Lovable (2026-09-07); extractor no ejecutado,
https://www.ronda.es/,historial del usuario; registry:municipal-ronda:url,fuente o página informativa,2026-09-07,200,,permitido,URL comprobada por Lovable,rss;wp,,,,,resultado reutilizado de la comprobación de Lovable; extractor no acreditado por HTTP,
https://www.serraniaderonda.com/portal/es/eventos.php,historial del usuario; legacy:serrania-ronda:chosen_entrypoint; registry:src-eventos-serrania-de-ronda:url,fuente o página informativa,2026-09-07,200,,permitido,URL comprobada por Lovable,rss,,,,,resultado reutilizado de la comprobación de Lovable; extractor no acreditado por HTTP,
https://www.sportmaniacs.com/,historial del usuario,fuente o página informativa,2026-09-07,200,,permitido,URL comprobada por Lovable,,,,,,resultado reutilizado de la comprobación de Lovable; extractor no acreditado por HTTP,
https://www.sportmaniacs.com/es/events?province=malaga,sports:sportmaniacs:primary_url; sports:sportmaniacs:url,fuente o página informativa,2026-09-07T20:18:02Z,404,https://sportmaniacs.com/es/events?province=malaga?province=malaga,permitido,HTTP 404,,text/html; charset=UTF-8,28602,False,,recomprobación independiente en el entorno de auditoría de Lovable (2026-09-07); extractor no ejecutado,
https://www.teatrocervantes.com/,historial del usuario; registry:teatro-cervantes:url,fuente o página informativa,2026-09-07,403,,permitido,URL comprobada por Lovable,,,,,,resultado reutilizado de la comprobación de Lovable; extractor no acreditado por HTTP,
https://www.teatrocervantes.com/es,auditoría Lovable:URL adicional descubierta,fuente o página informativa,2026-09-07,403,,permitido,URL comprobada por Lovable,,,,,,resultado reutilizado de la comprobación de Lovable; extractor no acreditado por HTTP,
https://www.teatrocervantes.com/es/...,historial del usuario,plantilla o ejemplo incompleto,2026-09-07T19:23:58Z,,,,no procede solicitar como agenda,,,,,plantilla o ejemplo incompleto,comprobación independiente de URL; extractor no ejecutado,
https://www.teatrocervantes.com/es/genero/musica/temporada-2025-26,historial del usuario; legacy:teatro-cervantes:entrypoints_detected,fuente o página informativa,2026-09-07,403,,permitido,URL comprobada por Lovable,,,,,,resultado reutilizado de la comprobación de Lovable; extractor no acreditado por HTTP,
https://www.teatrocervantes.com/es/programacion,historial del usuario; legacy:teatro-cervantes:chosen_entrypoint; legacy:teatro-cervantes:entrypoints_detected; registry:src-teatro-cervantes-p:url,fuente o página informativa,2026-09-07,403,,permitido,URL comprobada por Lovable,,,,,,resultado reutilizado de la comprobación de Lovable; extractor no acreditado por HTTP,
https://www.teatrocervantes.com/es/programacion/factoria-echegaray,historial del usuario; legacy:teatro-cervantes:entrypoints_detected,fuente o página informativa,2026-09-07,403,,permitido,URL comprobada por Lovable,,,,,,resultado reutilizado de la comprobación de Lovable; extractor no acreditado por HTTP,
https://www.teatrocervantes.com/es/programacion/teatro-cervantes,historial del usuario,fuente o página informativa,2026-09-07,403,,permitido,URL comprobada por Lovable,,,,,,resultado reutilizado de la comprobación de Lovable; extractor no acreditado por HTTP,
https://www.teatrocervantes.com/es/programacion/teatro-echegaray,historial del usuario; legacy:teatro-cervantes:entrypoints_detected; legacy:teatro-cervantes:fallback_entrypoint,fuente o página informativa,2026-09-07,403,,permitido,URL comprobada por Lovable,,,,,,resultado reutilizado de la comprobación de Lovable; extractor no acreditado por HTTP,
https://www.teatrocervantes.es/programacion,scraping:Teatro Cervantes:url,fuente o página informativa,2026-09-07T20:18:02Z,403,https://www.teatrocervantes.es/programacion,permitido,HTTP 403,,text/html; charset=UTF-8,5427,False,,recomprobación independiente en el entorno de auditoría de Lovable (2026-09-07); extractor no ejecutado,
https://www.teatrodelsoho.com/,historial del usuario; registry:teatro-soho:url,fuente o página informativa,2026-09-07,200,,permitido,URL comprobada por Lovable,wp,,,,,resultado reutilizado de la comprobación de Lovable; extractor no acreditado por HTTP,
https://www.teatroechegaray.es/programacion,scraping:Teatro Echegaray:url,fuente o página informativa,2026-09-07T20:18:03Z,,,no verificable (403),robots no verificable; contenido no solicitado,,,,,,recomprobación independiente en el entorno de auditoría de Lovable (2026-09-07); extractor no ejecutado,
https://www.torremolinos.es/,historial del usuario; registry:municipal-torremolinos:url,fuente o página informativa,2026-09-07,,,prohibido,URL comprobada por Lovable,,,,,robots.txt prohibe la ruta al agente,resultado reutilizado de la comprobación de Lovable; extractor no acreditado por HTTP,
https://www.torremolinoscultura.es/eventos/getforcategory/actividades-para-todos-los-publicos,historial del usuario; legacy:torremolinos-cultura:chosen_entrypoint,fuente o página informativa,2026-09-07,200,,permitido,URL comprobada por Lovable,,,,,,resultado reutilizado de la comprobación de Lovable; extractor no acreditado por HTTP,
https://www.torrox.es/,registry:municipal-torrox:url,fuente o página informativa,2026-09-07T20:18:03Z,,,no verificable (tls_error),robots no verificable; contenido no solicitado,,,,,,recomprobación independiente en el entorno de auditoría de Lovable (2026-09-07); extractor no ejecutado,
https://www.triatlondemalaga.com/calendario,sports:triatlon-malaga:primary_url; sports:triatlon-malaga:url,fuente o página informativa,2026-09-07T20:18:03Z,,,no verificable (connection_error),robots no verificable; contenido no solicitado,,,,,,recomprobación independiente en el entorno de auditoría de Lovable (2026-09-07); extractor no ejecutado,
https://www.uma.es/servicio-cultura/info/111568/contenedor-cultural/,historial del usuario; registry:contenedor-uma:url,fuente o página informativa,2026-09-07T20:18:26Z,404,https://www.uma.es/servicio-cultura/info/111568/contenedor-cultural/,sin robots.txt (404),HTTP 404,rss,text/html; charset=utf-8,69792,False,,recomprobación independiente 2026-09-07 (sustitución/ICS verificada),
https://www.unicajabaloncesto.com/,historial del usuario; registry:unicaja-baloncesto:url,fuente o página informativa,2026-09-07,200,,permitido,URL comprobada por Lovable,,,,,,resultado reutilizado de la comprobación de Lovable; extractor no acreditado por HTTP,
https://www.unicajabaloncesto.com/calendario,historial del usuario; sports:unicaja-baloncesto:primary_url; sports:unicaja-baloncesto:url; sports:unicaja:primary_url; sports:unicaja:url,fuente o página informativa,2026-09-07T20:18:25Z,200,https://www.unicajabaloncesto.com/calendario,permitido,HTTP 200,,text/html; charset=UTF-8,192976,False,,recomprobación independiente 2026-09-07 (sustitución/ICS verificada),
https://www.unicajabaloncesto.com/calendario/ics,historial del usuario,fuente o página informativa,2026-09-07T20:18:26Z,200,https://www.unicajabaloncesto.com/calendario/ics,permitido,HTTP 200,ICS,text/calendar; charset=utf-8,11529,False,,recomprobación independiente 2026-09-07 (sustitución/ICS verificada),
https://www.unicajabaloncesto.com/en/schedule,historial del usuario; sports:unicaja-baloncesto:secondary_urls,fuente o página informativa,2026-09-07,200,,permitido,URL comprobada por Lovable,,,,,,resultado reutilizado de la comprobación de Lovable; extractor no acreditado por HTTP,
https://www.velezmalaga.es/,historial del usuario; registry:municipal-velez:url,fuente o página informativa,2026-09-07,200,,permitido,URL comprobada por Lovable,,,,,,resultado reutilizado de la comprobación de Lovable; extractor no acreditado por HTTP,
https://www.velezmalaga.es/index.php?mod=agendadeactividades,registry:src-agenda-velez-malaga:url,fuente o página informativa,2026-09-07T20:18:03Z,200,https://www.velezmalaga.es/index.php?mod=agendadeactividades,permitido,HTTP 200,,text/html; charset=UTF-8,105726,False,,recomprobación independiente en el entorno de auditoría de Lovable (2026-09-07); extractor no ejecutado,
https://www.velezmalaga.es/index.php?mod=agendadeactividades&tag=teatro,historial del usuario; legacy:velez-teatro:chosen_entrypoint,fuente o página informativa,2026-09-07,200,,permitido,URL comprobada por Lovable,,,,,,resultado reutilizado de la comprobación de Lovable; extractor no acreditado por HTTP,
https://www.visitacostadelsol.com/agenda,historial del usuario; registry:src-visit-costa-del-sol:url,fuente o página informativa,2026-09-07,403,,permitido,URL comprobada por Lovable,,,,,,resultado reutilizado de la comprobación de Lovable; extractor no acreditado por HTTP,
https://www.weekendbeach.es/,historial del usuario; registry:src-weekend-beach:url; registry:weekend-beach:url,fuente o página informativa,2026-09-07,200,,permitido,URL comprobada por Lovable,rss;wp,,,,,resultado reutilizado de la comprobación de Lovable; extractor no acreditado por HTTP,
https://www.wegow.com/es/conciertos/geo/espana/malaga/cal/febrero,historial del usuario,fuente o página informativa,2026-09-07,200,,permitido,URL comprobada por Lovable,,,,,,resultado reutilizado de la comprobación de Lovable; extractor no acreditado por HTTP,
https://www.wegow.com/es/conciertos/geo/espana/malaga/malaga,historial del usuario,fuente o página informativa,2026-09-07,200,,permitido,URL comprobada por Lovable,,,,,,resultado reutilizado de la comprobación de Lovable; extractor no acreditado por HTTP,
https://www.zurichmaratonmalaga.es/,historial del usuario,fuente o página informativa,2026-09-07,403,,permitido,URL comprobada por Lovable,,,,,,resultado reutilizado de la comprobación de Lovable; extractor no acreditado por HTTP,
https://www.zurichmaratonmalaga.es/inscripciones,sports:zurich-maraton:primary_url; sports:zurich-maraton:url,fuente o página informativa,2026-09-07T20:18:03Z,404,https://www.zurichmaratonmalaga.es/inscripciones,sin robots.txt (404),HTTP 404,,text/html; charset=UTF-8,16,False,,recomprobación independiente en el entorno de auditoría de Lovable (2026-09-07); extractor no ejecutado,
https://www.uma.es/contenedorcultural/,auditoría Lovable 2026-09-07: sustitución verificada,fuente o página informativa,2026-09-07T20:18:21Z,200,https://www.uma.es/contenedorcultural/,sin robots.txt (404),HTTP 200,,text/html; charset=utf-8,86171,False,,comprobación independiente 2026-09-07,
https://teatrodelsoho.com/temporada/,auditoría Lovable 2026-09-07: sustitución verificada,fuente o página informativa,2026-09-07T20:18:23Z,200,https://teatrodelsoho.com/temporada/,permitido,HTTP 200,,text/html; charset=UTF-8,226511,False,,comprobación independiente 2026-09-07,
