original_url,normalized_url,mentions,message_ids
https://deporte.malaga.eu/agenda/,https://deporte.malaga.eu/agenda,2,main:user#00000000000613#usr:FTLZSCQM; umsg_01kxkdv0pwexw81jf2nh73e1yz
https://www.malaga.es/deportes/1321/agenda,https://www.malaga.es/deportes/1321/agenda,1,main:user#00000000000613#usr:FTLZSCQM
https://www.malaga.es/deportes/1322/programas,https://www.malaga.es/deportes/1322/programas,1,main:user#00000000000613#usr:FTLZSCQM
https://deportes.torremolinos.es/eventos-deportivos/agenda-anual-eventos/,https://deportes.torremolinos.es/eventos-deportivos/agenda-anual-eventos,3,main:user#00000000000613#usr:FTLZSCQM; umsg_01kxkdv0pwexw81jf2nh73e1yz; main:user#00000000000604#usr:FSXVPHAX
https://apaldeportes.rincondelavictoria.es/eventos,https://apaldeportes.rincondelavictoria.es/eventos,2,main:user#00000000000613#usr:FTLZSCQM; umsg_01kxkdv0pwexw81jf2nh73e1yz
https://www.fuengirola.es/concejalia/concejalia-de-deportes/,https://www.fuengirola.es/concejalia/concejalia-de-deportes,1,main:user#00000000000613#usr:FTLZSCQM
https://deportes.velezmalaga.es/eventos,https://deportes.velezmalaga.es/eventos,2,main:user#00000000000613#usr:FTLZSCQM; umsg_01kxkdv0pwexw81jf2nh73e1yz
https://info.turismoderonda.es/agenda/,https://info.turismoderonda.es/agenda,1,main:user#00000000000613#usr:FTLZSCQM
https://www.unicajabaloncesto.com/calendario,https://www.unicajabaloncesto.com/calendario,4,main:user#00000000000613#usr:FTLZSCQM; umsg_01kjdc758ke03b0s7hzsg8nzv5; umsg_01kjd6bht3e03b0s1vvxvnw9fy; umsg_01kjczfcqvfzsap5bdafexyktj
https://www.unicajabaloncesto.com/en/schedule,https://www.unicajabaloncesto.com/en/schedule,1,main:user#00000000000613#usr:FTLZSCQM
https://www.marbella.es/web/deportes/inicio.html,https://www.marbella.es/web/deportes/inicio.html,1,umsg_01kxkdv0pwexw81jf2nh73e1yz
https://deportes.antequera.es/actividades/agenda.html,https://deportes.antequera.es/actividades/agenda.html,1,umsg_01kxkdv0pwexw81jf2nh73e1yz
https://coin.es/areas/deportes,https://coin.es/areas/deportes,1,umsg_01kxkdv0pwexw81jf2nh73e1yz
https://pruebaspopulares.pmdt.es/,https://pruebaspopulares.pmdt.es/,1,main:user#00000000000604#usr:FSXVPHAX
https://www.rfaf.es/,https://www.rfaf.es/,2,main:user#00000000000595#usr:X45TS7AC; main:user#00000000000580#usr:2ZEKAMBX
https://www.andaluzabaloncesto.org/,https://www.andaluzabaloncesto.org/,2,main:user#00000000000595#usr:X45TS7AC; main:user#00000000000580#usr:2ZEKAMBX
https://fandaluzabm.org/,https://fandaluzabm.org/,2,main:user#00000000000595#usr:X45TS7AC; main:user#00000000000580#usr:2ZEKAMBX
https://favoley.es/es/calendar,https://favoley.es/es/calendar,2,main:user#00000000000595#usr:X45TS7AC; main:user#00000000000580#usr:2ZEKAMBX
https://www.badmintonandalucia.es/calendario/,https://www.badmintonandalucia.es/calendario,2,main:user#00000000000595#usr:X45TS7AC; main:user#00000000000580#usr:2ZEKAMBX
https://www.malagacf.com/partidos,https://www.malagacf.com/partidos,6,main:user#00000000000595#usr:X45TS7AC; main:user#00000000000592#usr:RJSLKF6C; main:user#00000000000580#usr:2ZEKAMBX; umsg_01kjdc758ke03b0s7hzsg8nzv5; umsg_01kjd6bht3e03b0s1vvxvnw9fy; umsg_01kjczfcqvfzsap5bdafexyktj
https://www.clubbalonmanomalaga.es/,https://www.clubbalonmanomalaga.es/,3,main:user#00000000000595#usr:X45TS7AC; main:user#00000000000592#usr:RJSLKF6C; main:user#00000000000580#usr:2ZEKAMBX
https://deporte.malaga.eu/agenda/calendario-area-deporte-malaga/,https://deporte.malaga.eu/agenda/calendario-area-deporte-malaga,1,main:user#00000000000592#usr:RJSLKF6C
https://deporte.malaga.eu/,https://deporte.malaga.eu/,4,main:user#00000000000592#usr:RJSLKF6C; main:user#00000000000580#usr:2ZEKAMBX; umsg_01kjd6bht3e03b0s1vvxvnw9fy; umsg_01kjczfcqvfzsap5bdafexyktj
https://deporte.malaga.eu/agenda/detalle-de-actividad/index.html?id=146610,https://deporte.malaga.eu/agenda/detalle-de-actividad/index.html?id=146610,1,main:user#00000000000592#usr:RJSLKF6C
https://deporte.malaga.eu/programas/deporte-en-feria/espeto-beach/,https://deporte.malaga.eu/programas/deporte-en-feria/espeto-beach,1,main:user#00000000000592#usr:RJSLKF6C
https://deporte.malaga.eu/programas/deporte-en-feria/pickleball/,https://deporte.malaga.eu/programas/deporte-en-feria/pickleball,1,main:user#00000000000592#usr:RJSLKF6C
https://deporte.malaga.eu/export/sites/deporte/.galleries/Programas/DOCUMENTOS-Deporte-en-Feria/Reglamento-Voley-playa-Deporte-en-Feria-2026.pdf,https://deporte.malaga.eu/export/sites/deporte/.galleries/Programas/DOCUMENTOS-Deporte-en-Feria/Reglamento-Voley-playa-Deporte-en-Feria-2026.pdf,1,main:user#00000000000592#usr:RJSLKF6C
https://deporte.malaga.eu/programas/deporte-en-feria/tiro-con-arco/,https://deporte.malaga.eu/programas/deporte-en-feria/tiro-con-arco,1,main:user#00000000000592#usr:RJSLKF6C
https://datosabiertos.malaga.eu/group/deporte,https://datosabiertos.malaga.eu/group/deporte,1,main:user#00000000000580#usr:2ZEKAMBX
https://www.juntadeandalucia.es/organismos/culturaydeporte/areas/deporte/entidades-deportivas/registro-entidades-deportivas.html,https://www.juntadeandalucia.es/organismos/culturaydeporte/areas/deporte/entidades-deportivas/registro-entidades-deportivas.html,1,main:user#00000000000580#usr:2ZEKAMBX
https://farmaciasguardia.farmaceuticos.com/web_guardias/publico/Provincia_pNew.asp?id=29,https://farmaciasguardia.farmaceuticos.com/web_guardias/publico/Provincia_pNew.asp?id=29,7,main:user#00000000000528#usr:CZGPMDQG; main:user#00000000000523#usr:5NJSAIKO; main:user#00000000000485#usr:ZTMLMBGL; main:user#00000000000038#usr:GWXFC2OE; main:user#00000000000036#usr:TBMMQ42F; umsg_01kjd6bht3e03b0s1vvxvnw9fy; umsg_01kjd3qt8ne03b0s0wmf5fm8k2
https://www.farmaceuticos.com/farmacias-de-guardia/malaga/,https://www.farmaceuticos.com/farmacias-de-guardia/malaga,3,main:user#00000000000523#usr:5NJSAIKO; main:user#00000000000485#usr:ZTMLMBGL; main:user#00000000000038#usr:GWXFC2OE
https://www.icofma.es/farmacias-de-guardia,https://www.icofma.es/farmacias-de-guardia,1,main:user#00000000000523#usr:5NJSAIKO
https://malagaevents.lovable.app,https://malagaevents.lovable.app/,2,main:user#00000000000502#usr:Z7E4DX6J; main:user#00000000000239#usr:QUKJ3IHQ
https://datosabiertos.malaga.eu/dataset/agenda-2026,https://datosabiertos.malaga.eu/dataset/agenda-2026,2,main:user#00000000000490#usr:YODT6SRL; main:user#00000000000252#usr:OYCL6XK5
https://www.icofma.es/es/,https://www.icofma.es/es,1,main:user#00000000000485#usr:ZTMLMBGL
https://www.instagram.com/core.disco,https://www.instagram.com/core.disco,1,main:user#00000000000403#usr:OJK2HUUC
https://www.instagram.com/zzpub,https://www.instagram.com/zzpub,1,main:user#00000000000403#usr:OJK2HUUC
https://www.instagram.com/roadhousemlg,https://www.instagram.com/roadhousemlg,1,main:user#00000000000403#usr:OJK2HUUC
https://www.fycma.com/`,https://www.fycma.com/,3,main:user#00000000000378#usr:VJ6JP57F; main:user#00000000000374#usr:W3D2E2WV; main:user#00000000000371#usr:IRPPLCHL
https://datosabiertos.malaga.eu/recursos/cultura/agenda/2026.csv,https://datosabiertos.malaga.eu/recursos/cultura/agenda/2026.csv,3,main:user#00000000000295#usr:K7UZLRON; main:user#00000000000272#usr:HKSBKHM4; main:user#00000000000252#usr:OYCL6XK5
https://www.ine.es/daco/daco42/codmun/26codmun.xlsx,https://www.ine.es/daco/daco42/codmun/26codmun.xlsx,1,main:user#00000000000262#usr:SWCSFAI5
https://www.malaga.eu/la-ciudad/agenda/,https://www.malaga.eu/la-ciudad/agenda,4,main:user#00000000000252#usr:OYCL6XK5; umsg_01kjdc758ke03b0s7hzsg8nzv5; umsg_01kjd6bht3e03b0s1vvxvnw9fy; umsg_01kjczfcqvfzsap5bdafexyktj
https://cultura.malaga.eu/es/agenda/index.html,https://cultura.malaga.eu/es/agenda/index.html,4,main:user#00000000000252#usr:OYCL6XK5; umsg_01kjdc758ke03b0s7hzsg8nzv5; umsg_01kjd6bht3e03b0s1vvxvnw9fy; umsg_01kjczfcqvfzsap5bdafexyktj
https://www.malaga.es/es/laprovincia/3315/agenda,https://www.malaga.es/es/laprovincia/3315/agenda,1,main:user#00000000000252#usr:OYCL6XK5
https://www.malaga.es/culturama/2157/agenda,https://www.malaga.es/culturama/2157/agenda,3,main:user#00000000000252#usr:OYCL6XK5; main:user#00000000000026#usr:D6GHM3HM; umsg_01kjdc758ke03b0s7hzsg8nzv5
https://www.juntadeandalucia.es/cultura/agendaculturaldeandalucia/malaga,https://www.juntadeandalucia.es/cultura/agendaculturaldeandalucia/malaga,1,main:user#00000000000252#usr:OYCL6XK5
https://www.visitacostadelsol.com/agenda,https://www.visitacostadelsol.com/agenda,1,main:user#00000000000252#usr:OYCL6XK5
https://axarquiacostadelsol.es/eventosaxarquiacostadelsol/,https://axarquiacostadelsol.es/eventosaxarquiacostadelsol,3,main:user#00000000000252#usr:OYCL6XK5; main:user#00000000000026#usr:D6GHM3HM; umsg_01kjdc758ke03b0s7hzsg8nzv5
https://www.serraniaderonda.com/portal/es/eventos.php,https://www.serraniaderonda.com/portal/es/eventos.php,3,main:user#00000000000252#usr:OYCL6XK5; main:user#00000000000026#usr:D6GHM3HM; umsg_01kjdc758ke03b0s7hzsg8nzv5
https://www.i-sierradelasnieves.com/eventos/,https://www.i-sierradelasnieves.com/eventos,1,main:user#00000000000252#usr:OYCL6XK5
https://www.latermicamalaga.com/agenda/,https://www.latermicamalaga.com/agenda,2,main:user#00000000000239#usr:QUKJ3IHQ; main:user#00000000000225#usr:QOWDWYIX
https://www.latermicamalaga.com/programacion/,https://www.latermicamalaga.com/programacion,1,main:user#00000000000225#usr:QOWDWYIX
https://www.latermicamalaga.com/,https://www.latermicamalaga.com/,2,main:user#00000000000225#usr:QOWDWYIX; main:user#00000000000097#usr:RITYFPYN
https://www.teatrocervantes.com/es/...`,https://www.teatrocervantes.com/es/...,1,main:user#00000000000134#usr:YDIYWCQ2
https://www.teatrodelsoho.com/,https://www.teatrodelsoho.com/,2,main:user#00000000000131#usr:76BTOKHA; main:user#00000000000097#usr:RITYFPYN
https://www.teatrocervantes.com/,https://www.teatrocervantes.com/,6,main:user#00000000000122#usr:AHA5WXF6; main:user#00000000000097#usr:RITYFPYN; umsg_01kfr0t63yfewrbe9b1qwpdnj3; umsg_01kfr06wpffewrbd7xdn1bzbst; umsg_01kfqzj2ttfewrbap60b1ttkkn; umsg_01kfqyz919fewrb98kz1pann8k
https://www.teatrocervantes.com/es/programacion/,https://www.teatrocervantes.com/es/programacion,6,main:user#00000000000122#usr:AHA5WXF6; main:user#00000000000026#usr:D6GHM3HM; umsg_01kjdc758ke03b0s7hzsg8nzv5; umsg_01kjd6bht3e03b0s1vvxvnw9fy; umsg_01kjczfcqvfzsap5bdafexyktj; umsg_01kfr2ty7zeh0vn3wcxp3ahh8x
https://www.juntadeandalucia.es/cultura/aaiicc/teatros/teatro-canovas,https://www.juntadeandalucia.es/cultura/aaiicc/teatros/teatro-canovas,1,main:user#00000000000097#usr:RITYFPYN
https://www.lacocheracabaret.com/,https://www.lacocheracabaret.com/,1,main:user#00000000000097#usr:RITYFPYN
https://www.paris15.es/eventos/,https://www.paris15.es/eventos,1,main:user#00000000000097#usr:RITYFPYN
https://salatrinchera.com/,https://salatrinchera.com/,6,main:user#00000000000097#usr:RITYFPYN; umsg_01kfr0t63yfewrbe9b1qwpdnj3; umsg_01kfr06wpffewrbd7xdn1bzbst; umsg_01kfqzj2ttfewrbap60b1ttkkn; umsg_01kfqyz919fewrb98kz1pann8k; umsg_01kfqxd10bfewrb62d3yjkx2wq
https://salamartemalaga.com/,https://salamartemalaga.com/,7,main:user#00000000000097#usr:RITYFPYN; umsg_01kfr2ty7zeh0vn3wcxp3ahh8x; umsg_01kfr0t63yfewrbe9b1qwpdnj3; umsg_01kfr06wpffewrbd7xdn1bzbst; umsg_01kfqzj2ttfewrbap60b1ttkkn; umsg_01kfqyz919fewrb98kz1pann8k; umsg_01kfqxd10bfewrb62d3yjkx2wq
https://www.facebook.com/lagarrapatamalaga/,https://www.facebook.com/lagarrapatamalaga,5,main:user#00000000000097#usr:RITYFPYN; umsg_01kjd6bht3e03b0s1vvxvnw9fy; umsg_01kjd3qt8ne03b0s0wmf5fm8k2; umsg_01kjd32y3ce03b0rzzfc1x251k; umsg_01kjd20wrzfzsap5cac41v1nwn
https://lafabricadecerveza.com/,https://lafabricadecerveza.com/,1,main:user#00000000000097#usr:RITYFPYN
https://www.uma.es/servicio-cultura/info/111568/contenedor-cultural/,https://www.uma.es/servicio-cultura/info/111568/contenedor-cultural,1,main:user#00000000000097#usr:RITYFPYN
https://www.malaga.es/mva/,https://www.malaga.es/mva,1,main:user#00000000000097#usr:RITYFPYN
https://www.museopicassomalaga.org/,https://www.museopicassomalaga.org/,1,main:user#00000000000097#usr:RITYFPYN
https://www.carmenthyssenmalaga.org/,https://www.carmenthyssenmalaga.org/,1,main:user#00000000000097#usr:RITYFPYN
https://centrepompidou-malaga.eu/,https://centrepompidou-malaga.eu/,3,main:user#00000000000097#usr:RITYFPYN; umsg_01kjdc758ke03b0s7hzsg8nzv5; umsg_01kjczfcqvfzsap5bdafexyktj
https://www.museosdeandalucia.es/web/museodemalaga,https://www.museosdeandalucia.es/web/museodemalaga,1,main:user#00000000000097#usr:RITYFPYN
https://mucac.malaga.eu/,https://mucac.malaga.eu/,1,main:user#00000000000097#usr:RITYFPYN
https://laconcepcion.malaga.eu/,https://laconcepcion.malaga.eu/,1,main:user#00000000000097#usr:RITYFPYN
https://www.fundacionunicaja.com/cultura/,https://www.fundacionunicaja.com/cultura,1,main:user#00000000000097#usr:RITYFPYN
https://www.malagaentradas.com/,https://www.malagaentradas.com/,4,main:user#00000000000097#usr:RITYFPYN; umsg_01kjdc758ke03b0s7hzsg8nzv5; umsg_01kjd6bht3e03b0s1vvxvnw9fy; umsg_01kjczfcqvfzsap5bdafexyktj
https://www.malaga.eu/,https://www.malaga.eu/,1,main:user#00000000000097#usr:RITYFPYN
https://cultura.malaga.eu/,https://cultura.malaga.eu/,2,main:user#00000000000097#usr:RITYFPYN; umsg_01kjdc758ke03b0s7hzsg8nzv5
https://www.marenostrumfuengirola.com/,https://www.marenostrumfuengirola.com/,1,main:user#00000000000097#usr:RITYFPYN
https://www.weekendbeach.es/,https://www.weekendbeach.es/,1,main:user#00000000000097#usr:RITYFPYN
https://brisafestival.com/,https://brisafestival.com/,1,main:user#00000000000097#usr:RITYFPYN
https://starlitefestival.com/,https://starlitefestival.com/,1,main:user#00000000000097#usr:RITYFPYN
https://www.canelaparty.com/,https://www.canelaparty.com/,1,main:user#00000000000097#usr:RITYFPYN
https://www.fancine.org/,https://www.fancine.org/,1,main:user#00000000000097#usr:RITYFPYN
https://festivaldemalaga.com/,https://festivaldemalaga.com/,1,main:user#00000000000097#usr:RITYFPYN
https://www.nocheenblancomalaga.com/,https://www.nocheenblancomalaga.com/,1,main:user#00000000000097#usr:RITYFPYN
https://losalamosbeach.com/,https://losalamosbeach.com/,1,main:user#00000000000097#usr:RITYFPYN
https://moonlightmalaga.com/,https://moonlightmalaga.com/,1,main:user#00000000000097#usr:RITYFPYN
https://www.marbella.es/,https://www.marbella.es/,1,main:user#00000000000097#usr:RITYFPYN
https://www.fuengirola.es/,https://www.fuengirola.es/,1,main:user#00000000000097#usr:RITYFPYN
https://www.torremolinos.es/,https://www.torremolinos.es/,1,main:user#00000000000097#usr:RITYFPYN
https://www.benalmadena.es/,https://www.benalmadena.es/,1,main:user#00000000000097#usr:RITYFPYN
https://www.rincondelavictoria.es/,https://www.rincondelavictoria.es/,1,main:user#00000000000097#usr:RITYFPYN
https://www.velezmalaga.es/,https://www.velezmalaga.es/,1,main:user#00000000000097#usr:RITYFPYN
https://www.estepona.es/,https://www.estepona.es/,1,main:user#00000000000097#usr:RITYFPYN
https://www.mijas.es/,https://www.mijas.es/,1,main:user#00000000000097#usr:RITYFPYN
https://www.nerja.es/,https://www.nerja.es/,1,main:user#00000000000097#usr:RITYFPYN
https://www.antequera.es/,https://www.antequera.es/,1,main:user#00000000000097#usr:RITYFPYN
https://www.ronda.es/,https://www.ronda.es/,1,main:user#00000000000097#usr:RITYFPYN
https://alhaurindelatorre.es/,https://alhaurindelatorre.es/,1,main:user#00000000000097#usr:RITYFPYN
https://www.cartama.es/,https://www.cartama.es/,1,main:user#00000000000097#usr:RITYFPYN
https://www.coin.es/,https://www.coin.es/,1,main:user#00000000000097#usr:RITYFPYN
https://www.pizarra.es/,https://www.pizarra.es/,1,main:user#00000000000097#usr:RITYFPYN
https://www.archidona.es/,https://www.archidona.es/,1,main:user#00000000000097#usr:RITYFPYN
https://manilva.es/,https://manilva.es/,1,main:user#00000000000097#usr:RITYFPYN
https://www.ojen.es/,https://www.ojen.es/,1,main:user#00000000000097#usr:RITYFPYN
https://www.casares.es/,https://www.casares.es/,1,main:user#00000000000097#usr:RITYFPYN
https://cadenaser.com/tag/serpeques/,https://cadenaser.com/tag/serpeques,1,main:user#00000000000097#usr:RITYFPYN
https://juventud.malaga.eu/,https://juventud.malaga.eu/,1,main:user#00000000000097#usr:RITYFPYN
https://malagaevents.lovable.app/`,https://malagaevents.lovable.app/,1,main:user#00000000000044#usr:AOQDZFXF
https://malagaevents.lovable.app/sitemap.xml`,https://malagaevents.lovable.app/sitemap.xml,1,main:user#00000000000044#usr:AOQDZFXF
https://farmaciasguardia.farmaceuticos.com/web_guardias/publico/Provincia_p.asp?id=29,https://farmaciasguardia.farmaceuticos.com/web_guardias/publico/Provincia_p.asp?id=29,2,main:user#00000000000038#usr:GWXFC2OE; main:user#00000000000036#usr:TBMMQ42F
https://icofma.es/listado-farmacias-provincia-malaga,https://icofma.es/listado-farmacias-provincia-malaga,3,main:user#00000000000038#usr:GWXFC2OE; umsg_01kjd6bht3e03b0s1vvxvnw9fy; umsg_01kjd3qt8ne03b0s0wmf5fm8k2
https://icofma.es/es/farmacias-de-guardia,https://icofma.es/es/farmacias-de-guardia,3,main:user#00000000000038#usr:GWXFC2OE; main:user#00000000000036#usr:TBMMQ42F; umsg_01kjd3qt8ne03b0s0wmf5fm8k2
https://farmaciaguardiahoy.es/farmacia-de-guardia/malaga,https://farmaciaguardiahoy.es/farmacia-de-guardia/malaga,2,main:user#00000000000038#usr:GWXFC2OE; main:user#00000000000036#usr:TBMMQ42F
https://www.farmacias.es/malaga/abiertas-ahora,https://www.farmacias.es/malaga/abiertas-ahora,2,main:user#00000000000038#usr:GWXFC2OE; main:user#00000000000036#usr:TBMMQ42F
https://www.farmacias.es/malaga/malaga,https://www.farmacias.es/malaga/malaga,1,main:user#00000000000038#usr:GWXFC2OE
https://www.farmacias.es/malaga/marbella,https://www.farmacias.es/malaga/marbella,1,main:user#00000000000038#usr:GWXFC2OE
https://www.farmacias.es/malaga/fuengirola,https://www.farmacias.es/malaga/fuengirola,1,main:user#00000000000038#usr:GWXFC2OE
https://www.farmacias.es/malaga/torremolinos,https://www.farmacias.es/malaga/torremolinos,1,main:user#00000000000038#usr:GWXFC2OE
https://www.farmacias.es/malaga/29001,https://www.farmacias.es/malaga/29001,1,main:user#00000000000038#usr:GWXFC2OE
https://www.farmacias.es/malaga/29002,https://www.farmacias.es/malaga/29002,1,main:user#00000000000038#usr:GWXFC2OE
https://www.farmacias.es/malaga/29003,https://www.farmacias.es/malaga/29003,1,main:user#00000000000038#usr:GWXFC2OE
https://www.farmacias.es/malaga/29004,https://www.farmacias.es/malaga/29004,1,main:user#00000000000038#usr:GWXFC2OE
https://www.farmacias.es/malaga/29005,https://www.farmacias.es/malaga/29005,1,main:user#00000000000038#usr:GWXFC2OE
https://www.farmacias.es/malaga/29006,https://www.farmacias.es/malaga/29006,1,main:user#00000000000038#usr:GWXFC2OE
https://www.farmacias.es/malaga/29007,https://www.farmacias.es/malaga/29007,1,main:user#00000000000038#usr:GWXFC2OE
https://www.farmacias.es/malaga/29008,https://www.farmacias.es/malaga/29008,1,main:user#00000000000038#usr:GWXFC2OE
https://www.farmacias.es/malaga/29009,https://www.farmacias.es/malaga/29009,1,main:user#00000000000038#usr:GWXFC2OE
https://www.farmacias.es/malaga/29010,https://www.farmacias.es/malaga/29010,1,main:user#00000000000038#usr:GWXFC2OE
https://www.farmacias.es/malaga/29011,https://www.farmacias.es/malaga/29011,1,main:user#00000000000038#usr:GWXFC2OE
https://www.farmacias.es/malaga/29012,https://www.farmacias.es/malaga/29012,1,main:user#00000000000038#usr:GWXFC2OE
https://www.farmacias.es/malaga/29013,https://www.farmacias.es/malaga/29013,1,main:user#00000000000038#usr:GWXFC2OE
https://www.farmacias.es/malaga/29014,https://www.farmacias.es/malaga/29014,1,main:user#00000000000038#usr:GWXFC2OE
https://www.farmacias.es/malaga/29015,https://www.farmacias.es/malaga/29015,1,main:user#00000000000038#usr:GWXFC2OE
https://www.farmacias.es/malaga/29016,https://www.farmacias.es/malaga/29016,1,main:user#00000000000038#usr:GWXFC2OE
https://www.farmacias.es/malaga/29017,https://www.farmacias.es/malaga/29017,1,main:user#00000000000038#usr:GWXFC2OE
https://www.farmacias.es/malaga/29018,https://www.farmacias.es/malaga/29018,1,main:user#00000000000038#usr:GWXFC2OE
https://ticketandroll.com/local/bar-la-garrapata,https://ticketandroll.com/local/bar-la-garrapata,1,main:user#00000000000030#usr:5KM4H2YF
https://qconciertos.es/salas/la-garrapata-malaga/,https://qconciertos.es/salas/la-garrapata-malaga,1,main:user#00000000000030#usr:5KM4H2YF
https://www.instagram.com/barlagarrapata/,https://www.instagram.com/barlagarrapata,5,main:user#00000000000030#usr:5KM4H2YF; umsg_01kjd6bht3e03b0s1vvxvnw9fy; umsg_01kjd3qt8ne03b0s0wmf5fm8k2; umsg_01kjd32y3ce03b0rzzfc1x251k; umsg_01kjd20wrzfzsap5cac41v1nwn
https://www.facebook.com/LaGarrapataBar/,https://www.facebook.com/LaGarrapataBar,1,main:user#00000000000030#usr:5KM4H2YF
https://ticketandroll.com/local/bar-la-garrapata',https://ticketandroll.com/local/bar-la-garrapata,1,main:user#00000000000030#usr:5KM4H2YF
https://qconciertos.es/salas/la-garrapata-malaga/',https://qconciertos.es/salas/la-garrapata-malaga,1,main:user#00000000000030#usr:5KM4H2YF
https://fycma.com/organizador/fycma/`,https://fycma.com/organizador/fycma,1,main:user#00000000000028#usr:LJZFETMA
https://teatroestepona.com/events/`,https://teatroestepona.com/events,1,main:user#00000000000028#usr:LJZFETMA
https://marenostrumfuengirola.com/tipo_de_evento/2026/`,https://marenostrumfuengirola.com/tipo_de_evento/2026,1,main:user#00000000000028#usr:LJZFETMA
https://entradas.starlitemarbella.com/`,https://entradas.starlitemarbella.com/,1,main:user#00000000000028#usr:LJZFETMA
https://www.mientrada.net/local/teatro-ciudad-de-marbella/`,https://www.mientrada.net/local/teatro-ciudad-de-marbella,1,main:user#00000000000028#usr:LJZFETMA
https://www.mientrada.net/eventos/categoria/auditorio-edgar-neville/`,https://www.mientrada.net/eventos/categoria/auditorio-edgar-neville,1,main:user#00000000000028#usr:LJZFETMA
https://orquestafilarmonicademalaga.com/`,https://orquestafilarmonicademalaga.com/,1,main:user#00000000000028#usr:LJZFETMA
https://ayuntamientoronda.es/agenda-de-actividades-y-eventos/`,https://ayuntamientoronda.es/agenda-de-actividades-y-eventos,1,main:user#00000000000028#usr:LJZFETMA
https://cultura.antequera.es/agenda/`,https://cultura.antequera.es/agenda,1,main:user#00000000000028#usr:LJZFETMA
https://www.benalmadena.es/pags/agenda.php`,https://www.benalmadena.es/pags/agenda.php,1,main:user#00000000000028#usr:LJZFETMA
https://turismo.mijas.es/es/12-principal/cultura/13-agenda-cultural`,https://turismo.mijas.es/es/12-principal/cultura/13-agenda-cultural,1,main:user#00000000000028#usr:LJZFETMA
https://www.velezmalaga.es/index.php?mod=agendadeactividades&tag=teatro`,https://www.velezmalaga.es/index.php?mod=agendadeactividades&tag=teatro,1,main:user#00000000000028#usr:LJZFETMA
https://www.torremolinoscultura.es/eventos/getforcategory/actividades-para-todos-los-publicos`,https://www.torremolinoscultura.es/eventos/getforcategory/actividades-para-todos-los-publicos,1,main:user#00000000000028#usr:LJZFETMA
https://entradas.fuengirola.es/list/events?lang=es`,https://entradas.fuengirola.es/list/events?lang=es,1,main:user#00000000000028#usr:LJZFETMA
https://turismocoin.es/agenda`,https://turismocoin.es/agenda,1,main:user#00000000000028#usr:LJZFETMA
https://axarquiacostadelsol.es/eventosaxarquiacostadelsol/`,https://axarquiacostadelsol.es/eventosaxarquiacostadelsol,1,main:user#00000000000028#usr:LJZFETMA
https://www.serraniaderonda.com/portal/es/eventos.php`,https://www.serraniaderonda.com/portal/es/eventos.php,1,main:user#00000000000028#usr:LJZFETMA
https://lacocheraentradas.com/`,https://lacocheraentradas.com/,1,main:user#00000000000028#usr:LJZFETMA
https://entradas.fuengirola.es/list/events?lang=es,https://entradas.fuengirola.es/list/events?lang=es,3,main:user#00000000000028#usr:LJZFETMA; main:user#00000000000026#usr:D6GHM3HM; umsg_01kjdc758ke03b0s7hzsg8nzv5
https://fycma.com/organizador/fycma/,https://fycma.com/organizador/fycma,2,main:user#00000000000026#usr:D6GHM3HM; umsg_01kjdc758ke03b0s7hzsg8nzv5
https://teatrodelsoho.com/programacion/,https://teatrodelsoho.com/programacion,4,main:user#00000000000026#usr:D6GHM3HM; umsg_01kjdc758ke03b0s7hzsg8nzv5; umsg_01kjd6bht3e03b0s1vvxvnw9fy; umsg_01kjczfcqvfzsap5bdafexyktj
https://latermicamalaga.com/agenda/,https://latermicamalaga.com/agenda,2,main:user#00000000000026#usr:D6GHM3HM; umsg_01kjdc758ke03b0s7hzsg8nzv5
https://paris15.es/eventos/,https://paris15.es/eventos,3,main:user#00000000000026#usr:D6GHM3HM; umsg_01kjdc758ke03b0s7hzsg8nzv5; umsg_01kfr2ty7zeh0vn3wcxp3ahh8x
https://salatrinchera.com/category/proximos-eventos/,https://salatrinchera.com/category/proximos-eventos,3,main:user#00000000000026#usr:D6GHM3HM; umsg_01kjdc758ke03b0s7hzsg8nzv5; umsg_01kfr2ty7zeh0vn3wcxp3ahh8x
https://lacocheraentradas.com/,https://lacocheraentradas.com/,2,main:user#00000000000026#usr:D6GHM3HM; umsg_01kjdc758ke03b0s7hzsg8nzv5
https://teatroestepona.com/events/,https://teatroestepona.com/events,2,main:user#00000000000026#usr:D6GHM3HM; umsg_01kjdc758ke03b0s7hzsg8nzv5
https://marenostrumfuengirola.com/tipo_de_evento/2026/,https://marenostrumfuengirola.com/tipo_de_evento/2026,2,main:user#00000000000026#usr:D6GHM3HM; umsg_01kjdc758ke03b0s7hzsg8nzv5
https://entradas.starlitemarbella.com/,https://entradas.starlitemarbella.com/,2,main:user#00000000000026#usr:D6GHM3HM; umsg_01kjdc758ke03b0s7hzsg8nzv5
https://www.mientrada.net/local/teatro-ciudad-de-marbella/,https://www.mientrada.net/local/teatro-ciudad-de-marbella,2,main:user#00000000000026#usr:D6GHM3HM; umsg_01kjdc758ke03b0s7hzsg8nzv5
https://www.mientrada.net/eventos/categoria/auditorio-edgar-neville/,https://www.mientrada.net/eventos/categoria/auditorio-edgar-neville,2,main:user#00000000000026#usr:D6GHM3HM; umsg_01kjdc758ke03b0s7hzsg8nzv5
https://orquestafilarmonicademalaga.com/,https://orquestafilarmonicademalaga.com/,2,main:user#00000000000026#usr:D6GHM3HM; umsg_01kjdc758ke03b0s7hzsg8nzv5
https://ayuntamientoronda.es/agenda-de-actividades-y-eventos/,https://ayuntamientoronda.es/agenda-de-actividades-y-eventos,2,main:user#00000000000026#usr:D6GHM3HM; umsg_01kjdc758ke03b0s7hzsg8nzv5
https://cultura.antequera.es/agenda/,https://cultura.antequera.es/agenda,2,main:user#00000000000026#usr:D6GHM3HM; umsg_01kjdc758ke03b0s7hzsg8nzv5
https://www.benalmadena.es/pags/agenda.php,https://www.benalmadena.es/pags/agenda.php,2,main:user#00000000000026#usr:D6GHM3HM; umsg_01kjdc758ke03b0s7hzsg8nzv5
https://turismo.mijas.es/es/12-principal/cultura/13-agenda-cultural,https://turismo.mijas.es/es/12-principal/cultura/13-agenda-cultural,2,main:user#00000000000026#usr:D6GHM3HM; umsg_01kjdc758ke03b0s7hzsg8nzv5
https://www.velezmalaga.es/index.php?mod=agendadeactividades&tag=teatro,https://www.velezmalaga.es/index.php?mod=agendadeactividades&tag=teatro,2,main:user#00000000000026#usr:D6GHM3HM; umsg_01kjdc758ke03b0s7hzsg8nzv5
https://www.torremolinoscultura.es/eventos/getforcategory/actividades-para-todos-los-publicos,https://www.torremolinoscultura.es/eventos/getforcategory/actividades-para-todos-los-publicos,2,main:user#00000000000026#usr:D6GHM3HM; umsg_01kjdc758ke03b0s7hzsg8nzv5
https://turismocoin.es/agenda,https://turismocoin.es/agenda,2,main:user#00000000000026#usr:D6GHM3HM; umsg_01kjdc758ke03b0s7hzsg8nzv5
https://lacocheracabaret.com/programacion/,https://lacocheracabaret.com/programacion,6,main:user#00000000000026#usr:D6GHM3HM; umsg_01kjdc758ke03b0s7hzsg8nzv5; umsg_01kjd6bht3e03b0s1vvxvnw9fy; umsg_01kjczfcqvfzsap5bdafexyktj; umsg_01kfr60xr3fk395fhtj4r7f2ab; umsg_01kfr2ty7zeh0vn3wcxp3ahh8x
https://www.centroculturalmva.es/6806/agenda,https://www.centroculturalmva.es/6806/agenda,2,main:user#00000000000026#usr:D6GHM3HM; umsg_01kjdc758ke03b0s7hzsg8nzv5
https://datosabiertos.malaga.eu/recursos/cultura/agenda/2024.csv,https://datosabiertos.malaga.eu/recursos/cultura/agenda/2024.csv,2,main:user#00000000000026#usr:D6GHM3HM; umsg_01kjdc758ke03b0s7hzsg8nzv5
https://www.malaga.eu/la-ciudad/agenda/index.html?mas=true&pageNum=1,https://www.malaga.eu/la-ciudad/agenda/index.html?mas=true&pageNum=1,1,umsg_01kjdc758ke03b0s7hzsg8nzv5
https://www.malaga.eu/eventos,https://www.malaga.eu/eventos,1,umsg_01kjdc758ke03b0s7hzsg8nzv5
https://cultura.malaga.eu/es/agenda/index.html?calMonth=1&calYear=2026,https://cultura.malaga.eu/es/agenda/index.html?calMonth=1&calYear=2026,1,umsg_01kjdc758ke03b0s7hzsg8nzv5
https://cultura.malaga.eu/es/agenda/index.html?calMonth=11&calYear=2025,https://cultura.malaga.eu/es/agenda/index.html?calMonth=11&calYear=2025,1,umsg_01kjdc758ke03b0s7hzsg8nzv5
https://cultura.malaga.eu/es/agenda/index.html?calMonth=4&calYear=2025,https://cultura.malaga.eu/es/agenda/index.html?calMonth=4&calYear=2025,1,umsg_01kjdc758ke03b0s7hzsg8nzv5
https://www.teatrocervantes.com/es/programacion/teatro-cervantes/,https://www.teatrocervantes.com/es/programacion/teatro-cervantes,3,umsg_01kjdc758ke03b0s7hzsg8nzv5; umsg_01kjd6bht3e03b0s1vvxvnw9fy; umsg_01kjczfcqvfzsap5bdafexyktj
https://www.teatrocervantes.com/es/programacion/teatro-echegaray/,https://www.teatrocervantes.com/es/programacion/teatro-echegaray,4,umsg_01kjdc758ke03b0s7hzsg8nzv5; umsg_01kjd6bht3e03b0s1vvxvnw9fy; umsg_01kjczfcqvfzsap5bdafexyktj; umsg_01kfr2ty7zeh0vn3wcxp3ahh8x
https://festivaldemalaga.com/edicion/agenda/,https://festivaldemalaga.com/edicion/agenda,3,umsg_01kjdc758ke03b0s7hzsg8nzv5; umsg_01kjd6bht3e03b0s1vvxvnw9fy; umsg_01kjczfcqvfzsap5bdafexyktj
https://festivaldemalaga.com/maf/,https://festivaldemalaga.com/maf,1,umsg_01kjdc758ke03b0s7hzsg8nzv5
https://festivaldemalaga.com/maf/index.php?seccion=actividades,https://festivaldemalaga.com/maf/index.php?seccion=actividades,3,umsg_01kjdc758ke03b0s7hzsg8nzv5; umsg_01kjd6bht3e03b0s1vvxvnw9fy; umsg_01kjczfcqvfzsap5bdafexyktj
https://fycma.com/,https://fycma.com/,1,umsg_01kjdc758ke03b0s7hzsg8nzv5
https://fycma.com/calendario/,https://fycma.com/calendario,3,umsg_01kjdc758ke03b0s7hzsg8nzv5; umsg_01kjd6bht3e03b0s1vvxvnw9fy; umsg_01kjczfcqvfzsap5bdafexyktj
https://fycma.com/eventos/mes/?lang=en,https://fycma.com/eventos/mes?lang=en,3,umsg_01kjdc758ke03b0s7hzsg8nzv5; umsg_01kjd6bht3e03b0s1vvxvnw9fy; umsg_01kjczfcqvfzsap5bdafexyktj
https://paris15.es/,https://paris15.es/,8,umsg_01kjdc758ke03b0s7hzsg8nzv5; umsg_01kjd6bht3e03b0s1vvxvnw9fy; umsg_01kjczfcqvfzsap5bdafexyktj; umsg_01kfr0t63yfewrbe9b1qwpdnj3; umsg_01kfr06wpffewrbd7xdn1bzbst; umsg_01kfqzj2ttfewrbap60b1ttkkn; umsg_01kfqyz919fewrb98kz1pann8k; umsg_01kfqxd10bfewrb62d3yjkx2wq
https://teatrodelsoho.com/,https://teatrodelsoho.com/,5,umsg_01kjdc758ke03b0s7hzsg8nzv5; umsg_01kfr0t63yfewrbe9b1qwpdnj3; umsg_01kfr06wpffewrbd7xdn1bzbst; umsg_01kfqzj2ttfewrbap60b1ttkkn; umsg_01kfqyz919fewrb98kz1pann8k
https://teatrodelsoho.com/evento/godspell/,https://teatrodelsoho.com/evento/godspell,1,umsg_01kjdc758ke03b0s7hzsg8nzv5
https://lacocheraentradas.com/categoria/teatro,https://lacocheraentradas.com/categoria/teatro,1,umsg_01kjdc758ke03b0s7hzsg8nzv5
https://lacocheracabaret.com/tipo-evento/teatro/,https://lacocheracabaret.com/tipo-evento/teatro,2,umsg_01kjdc758ke03b0s7hzsg8nzv5; umsg_01kjczfcqvfzsap5bdafexyktj
https://lacocheracabaret.com/tipo-evento/comedia-humor/,https://lacocheracabaret.com/tipo-evento/comedia-humor,2,umsg_01kjdc758ke03b0s7hzsg8nzv5; umsg_01kjczfcqvfzsap5bdafexyktj
https://www.entradas.com/,https://www.entradas.com/,5,umsg_01kjdc758ke03b0s7hzsg8nzv5; umsg_01kjc61gg8ecvsjjyekw348w38; umsg_01kjc5tnqxecvsjjxp7n3btmr2; umsg_01kjc3etrpecvsjjrw03shd48m; umsg_01kjc31ynpecvsjjram4q6exnn
https://www.entradas.com/city/malaga-490/,https://www.entradas.com/city/malaga-490,3,umsg_01kjdc758ke03b0s7hzsg8nzv5; umsg_01kjd6bht3e03b0s1vvxvnw9fy; umsg_01kjczfcqvfzsap5bdafexyktj
https://www.entradas.com/city/malaga-490/conciertos-y-festivales-85/,https://www.entradas.com/city/malaga-490/conciertos-y-festivales-85,3,umsg_01kjdc758ke03b0s7hzsg8nzv5; umsg_01kjd6bht3e03b0s1vvxvnw9fy; umsg_01kjczfcqvfzsap5bdafexyktj
https://www.entradas.com/city/malaga-490/?pnum=3,https://www.entradas.com/city/malaga-490?pnum=3,3,umsg_01kjdc758ke03b0s7hzsg8nzv5; umsg_01kjd6bht3e03b0s1vvxvnw9fy; umsg_01kjczfcqvfzsap5bdafexyktj
https://www.eventbrite.es/d/spain--m%C3%A1laga/malaga/,https://www.eventbrite.es/d/spain--m%C3%A1laga/malaga,3,umsg_01kjdc758ke03b0s7hzsg8nzv5; umsg_01kjd6bht3e03b0s1vvxvnw9fy; umsg_01kjczfcqvfzsap5bdafexyktj
https://www.wegow.com/es/conciertos/geo/espana/malaga/malaga,https://www.wegow.com/es/conciertos/geo/espana/malaga/malaga,3,umsg_01kjdc758ke03b0s7hzsg8nzv5; umsg_01kjd6bht3e03b0s1vvxvnw9fy; umsg_01kjczfcqvfzsap5bdafexyktj
https://www.wegow.com/es/conciertos/geo/espana/malaga/cal/febrero,https://www.wegow.com/es/conciertos/geo/espana/malaga/cal/febrero,2,umsg_01kjdc758ke03b0s7hzsg8nzv5; umsg_01kjczfcqvfzsap5bdafexyktj
https://www.elcorteingles.es/entradas/recintos/malaga/teatro-del-soho-caixabank/,https://www.elcorteingles.es/entradas/recintos/malaga/teatro-del-soho-caixabank,1,umsg_01kjdc758ke03b0s7hzsg8nzv5
https://entradas.fuengirola.es/content?lang=es,https://entradas.fuengirola.es/content?lang=es,1,umsg_01kjdc758ke03b0s7hzsg8nzv5
https://datosabiertos.malaga.eu/,https://datosabiertos.malaga.eu/,1,umsg_01kjdc758ke03b0s7hzsg8nzv5
https://datosabiertos.malaga.eu/api/3/action/package_list,https://datosabiertos.malaga.eu/api/3/action/package_list,1,umsg_01kjdc758ke03b0s7hzsg8nzv5
https://datosabiertos.malaga.eu/dataset/agenda-espectaculos,https://datosabiertos.malaga.eu/dataset/agenda-espectaculos,1,umsg_01kjdc758ke03b0s7hzsg8nzv5
https://datosabiertos.malaga.eu/mk/dataset/agenda-deportes,https://datosabiertos.malaga.eu/mk/dataset/agenda-deportes,1,umsg_01kjdc758ke03b0s7hzsg8nzv5
https://datatracker.ietf.org/doc/html/rfc9309,https://datatracker.ietf.org/doc/html/rfc9309,1,umsg_01kjdc758ke03b0s7hzsg8nzv5
https://developer.wordpress.org/rest-api/,https://developer.wordpress.org/rest-api,1,umsg_01kjdc758ke03b0s7hzsg8nzv5
https://www.malagacf.com/,https://www.malagacf.com/,5,umsg_01kjdc758ke03b0s7hzsg8nzv5; umsg_01kjc61gg8ecvsjjyekw348w38; umsg_01kjc5tnqxecvsjjxp7n3btmr2; umsg_01kjc3etrpecvsjjrw03shd48m; umsg_01kjc31ynpecvsjjram4q6exnn
https://www.laliga.com/clubes/malaga-cf/proximos-partidos,https://www.laliga.com/clubes/malaga-cf/proximos-partidos,3,umsg_01kjdc758ke03b0s7hzsg8nzv5; umsg_01kjd6bht3e03b0s1vvxvnw9fy; umsg_01kjczfcqvfzsap5bdafexyktj
https://www.unicajabaloncesto.com/,https://www.unicajabaloncesto.com/,5,umsg_01kjdc758ke03b0s7hzsg8nzv5; umsg_01kjc61gg8ecvsjjyekw348w38; umsg_01kjc5tnqxecvsjjxp7n3btmr2; umsg_01kjc3etrpecvsjjrw03shd48m; umsg_01kjc31ynpecvsjjram4q6exnn
https://www.unicajabaloncesto.com/calendario/ics,https://www.unicajabaloncesto.com/calendario/ics,3,umsg_01kjdc758ke03b0s7hzsg8nzv5; umsg_01kjd6bht3e03b0s1vvxvnw9fy; umsg_01kjczfcqvfzsap5bdafexyktj
https://venta.unicajabaloncesto.com/es/proximos-partidos,https://venta.unicajabaloncesto.com/es/proximos-partidos,3,umsg_01kjdc758ke03b0s7hzsg8nzv5; umsg_01kjd6bht3e03b0s1vvxvnw9fy; umsg_01kjczfcqvfzsap5bdafexyktj
https://www.acb.com/club/partidos/id/14,https://www.acb.com/club/partidos/id/14,3,umsg_01kjdc758ke03b0s7hzsg8nzv5; umsg_01kjd6bht3e03b0s1vvxvnw9fy; umsg_01kjczfcqvfzsap5bdafexyktj
https://www.rfaf.es/pnfg/NPcd/NFG_LstCompeticiones_Vis?cod_primaria=1000123,https://www.rfaf.es/pnfg/NPcd/NFG_LstCompeticiones_Vis?cod_primaria=1000123,3,umsg_01kjdc758ke03b0s7hzsg8nzv5; umsg_01kjd6bht3e03b0s1vvxvnw9fy; umsg_01kjczfcqvfzsap5bdafexyktj
https://www.rfaf.es/pnfg/NPcd/NFG_CmpJornada?cod_primaria=1000120,https://www.rfaf.es/pnfg/NPcd/NFG_CmpJornada?cod_primaria=1000120,3,umsg_01kjdc758ke03b0s7hzsg8nzv5; umsg_01kjd6bht3e03b0s1vvxvnw9fy; umsg_01kjczfcqvfzsap5bdafexyktj
https://r.jina.ai/{url}`,https://r.jina.ai/{url},1,274294fc-7f82-4486-8ac8-d5d5e228258a
https://r.jina.ai/{url},https://r.jina.ai/{url},1,274294fc-7f82-4486-8ac8-d5d5e228258a
https://r.jina.ai/{encoded_url}`,https://r.jina.ai/{encoded_url},1,274294fc-7f82-4486-8ac8-d5d5e228258a
https://ai.gateway.lovable.dev/v1/chat/completions`,https://ai.gateway.lovable.dev/v1/chat/completions,1,274294fc-7f82-4486-8ac8-d5d5e228258a
https://r.jina.ai/${encodeURIComponent(url)}`,https://r.jina.ai/${encodeURIComponent(url)},1,274294fc-7f82-4486-8ac8-d5d5e228258a
https://ai.gateway.lovable.dev/v1/chat/completions,https://ai.gateway.lovable.dev/v1/chat/completions,1,274294fc-7f82-4486-8ac8-d5d5e228258a
https://www.malaga.eu/la-ciudad/agenda/index.html?mas=true&pageNum=N,https://www.malaga.eu/la-ciudad/agenda/index.html?mas=true&pageNum=N,2,umsg_01kjd6bht3e03b0s1vvxvnw9fy; umsg_01kjczfcqvfzsap5bdafexyktj
https://teatrodelsoho.com/evento/,https://teatrodelsoho.com/evento,1,umsg_01kjczfcqvfzsap5bdafexyktj
https://visita.malaga.eu/es/que-ver-y-hacer/agenda,https://visita.malaga.eu/es/que-ver-y-hacer/agenda,1,umsg_01kjczfcqvfzsap5bdafexyktj
https://api.firecrawl.dev/v1/scrape,https://api.firecrawl.dev/v1/scrape,2,umsg_01kjc739frecvsjjz3be0c4d8w; umsg_01kjc4dqjvecvsjjt2jeenkrbk
https://malagacf.koobin.com/,https://malagacf.koobin.com/,4,umsg_01kjc61gg8ecvsjjyekw348w38; umsg_01kjc5tnqxecvsjjxp7n3btmr2; umsg_01kjc3etrpecvsjjrw03shd48m; umsg_01kjc31ynpecvsjjram4q6exnn
https://www.ironman.com/im703-malaga,https://www.ironman.com/im703-malaga,4,umsg_01kjc61gg8ecvsjjyekw348w38; umsg_01kjc5tnqxecvsjjxp7n3btmr2; umsg_01kjc3etrpecvsjjrw03shd48m; umsg_01kjc31ynpecvsjjram4q6exnn
https://www.maratonmalaga.com/,https://www.maratonmalaga.com/,4,umsg_01kjc61gg8ecvsjjyekw348w38; umsg_01kjc5tnqxecvsjjxp7n3btmr2; umsg_01kjc3etrpecvsjjrw03shd48m; umsg_01kjc31ynpecvsjjram4q6exnn
https://www.zurichmaratonmalaga.es/,https://www.zurichmaratonmalaga.es/,4,umsg_01kjc61gg8ecvsjjyekw348w38; umsg_01kjc5tnqxecvsjjxp7n3btmr2; umsg_01kjc3etrpecvsjjrw03shd48m; umsg_01kjc31ynpecvsjjram4q6exnn
https://runedia.mundodeportivo.com/,https://runedia.mundodeportivo.com/,4,umsg_01kjc61gg8ecvsjjyekw348w38; umsg_01kjc5tnqxecvsjjxp7n3btmr2; umsg_01kjc3etrpecvsjjrw03shd48m; umsg_01kjc31ynpecvsjjram4q6exnn
https://www.sportmaniacs.com/,https://www.sportmaniacs.com/,4,umsg_01kjc61gg8ecvsjjyekw348w38; umsg_01kjc5tnqxecvsjjxp7n3btmr2; umsg_01kjc3etrpecvsjjrw03shd48m; umsg_01kjc31ynpecvsjjram4q6exnn
https://tickets.rfef.es/,https://tickets.rfef.es/,4,umsg_01kjc61gg8ecvsjjyekw348w38; umsg_01kjc5tnqxecvsjjxp7n3btmr2; umsg_01kjc3etrpecvsjjrw03shd48m; umsg_01kjc31ynpecvsjjram4q6exnn
https://www.malagacf.com/',https://www.malagacf.com/,1,umsg_01kjc49gjfecvsjjskhn9cd1c4
https://malagacf.koobin.com/',https://malagacf.koobin.com/,1,umsg_01kjc49gjfecvsjjskhn9cd1c4
https://www.unicajabaloncesto.com/',https://www.unicajabaloncesto.com/,1,umsg_01kjc49gjfecvsjjskhn9cd1c4
https://www.entradas.com/',https://www.entradas.com/,1,umsg_01kjc49gjfecvsjjskhn9cd1c4
https://www.ironman.com/im703-malaga',https://www.ironman.com/im703-malaga,1,umsg_01kjc49gjfecvsjjskhn9cd1c4
https://www.maratonmalaga.com/',https://www.maratonmalaga.com/,1,umsg_01kjc49gjfecvsjjskhn9cd1c4
https://www.zurichmaratonmalaga.es/',https://www.zurichmaratonmalaga.es/,1,umsg_01kjc49gjfecvsjjskhn9cd1c4
https://runedia.mundodeportivo.com/',https://runedia.mundodeportivo.com/,1,umsg_01kjc49gjfecvsjjskhn9cd1c4
https://www.sportmaniacs.com/',https://www.sportmaniacs.com/,1,umsg_01kjc49gjfecvsjjskhn9cd1c4
https://tickets.rfef.es/',https://tickets.rfef.es/,1,umsg_01kjc49gjfecvsjjskhn9cd1c4
https://deno.land/std@0.224.0/http/server.ts,https://deno.land/std@0.224.0/http/server.ts,1,umsg_01kjc49gjfecvsjjskhn9cd1c4
https://esm.sh/@supabase/supabase-js@2,https://esm.sh/@supabase/supabase-js@2,1,umsg_01kjc49gjfecvsjjskhn9cd1c4
https://malagacf.com/entradas',https://malagacf.com/entradas,1,bfaf1ed6-72a6-4ac9-9be3-62dd8a650c89
https://images.unsplash.com/photo-1508700929628-666bc8bd84ea?w=640&q=80&fit=crop&auto=format',https://images.unsplash.com/photo-1508700929628-666bc8bd84ea?w=640&q=80&fit=crop&auto=format,1,c866ff06-3b24-4cb5-a78d-ba5b87f8c613
https://images.unsplash.com/photo-1470229722913-7c0e2dbbafd3?w=640&q=80&fit=crop',https://images.unsplash.com/photo-1470229722913-7c0e2dbbafd3?w=640&q=80&fit=crop,1,41198569-3d98-4141-bd39-f77f2d3aa83c
https://images.unsplash.com/photo-1503095396549-807759245b35?w=640&q=80&fit=crop',https://images.unsplash.com/photo-1503095396549-807759245b35?w=640&q=80&fit=crop,1,41198569-3d98-4141-bd39-f77f2d3aa83c
https://images.unsplash.com/photo-1527224857830-43a7acc85260?w=640&q=80&fit=crop',https://images.unsplash.com/photo-1527224857830-43a7acc85260?w=640&q=80&fit=crop,1,41198569-3d98-4141-bd39-f77f2d3aa83c
https://www.google.com/maps/search/?api=1&query={direccion_encoded},https://www.google.com/maps/search?api=1&query={direccion_encoded},1,umsg_01kfr7c8q3f25rm720dpw7kzdg
https://latermicamalaga.com/musica-y-eventos/,https://latermicamalaga.com/musica-y-eventos,1,umsg_01kfr2ty7zeh0vn3wcxp3ahh8x
https://teatrodelsoho.com/programacion/?temporada=temporada-2025-2026,https://teatrodelsoho.com/programacion?temporada=temporada-2025-2026,1,umsg_01kfr2ty7zeh0vn3wcxp3ahh8x
https://www.teatrocervantes.com/es/programacion/factoria-echegaray/,https://www.teatrocervantes.com/es/programacion/factoria-echegaray,1,umsg_01kfr2ty7zeh0vn3wcxp3ahh8x
https://www.teatrocervantes.com/es/genero/musica/temporada-2025-26/,https://www.teatrocervantes.com/es/genero/musica/temporada-2025-26,1,umsg_01kfr2ty7zeh0vn3wcxp3ahh8x
https://lafabricadecerveza.com/experiencias-malaga/,https://lafabricadecerveza.com/experiencias-malaga,1,umsg_01kfr2ty7zeh0vn3wcxp3ahh8x
https://antojomalaga.es/programacion/,https://antojomalaga.es/programacion,1,umsg_01kfr2ty7zeh0vn3wcxp3ahh8x
https://mmalaga.es/agenda-ocio-cultural-malaga/,https://mmalaga.es/agenda-ocio-cultural-malaga,1,umsg_01kfr2ty7zeh0vn3wcxp3ahh8x
https://www.eventualmusic.com/,https://www.eventualmusic.com/,6,umsg_01kfr2ty7zeh0vn3wcxp3ahh8x; umsg_01kfr0t63yfewrbe9b1qwpdnj3; umsg_01kfr06wpffewrbd7xdn1bzbst; umsg_01kfqzj2ttfewrbap60b1ttkkn; umsg_01kfqyz919fewrb98kz1pann8k; umsg_01kfqxd10bfewrb62d3yjkx2wq
https://antojomalaga.es/,https://antojomalaga.es/,5,umsg_01kfr0t63yfewrbe9b1qwpdnj3; umsg_01kfr06wpffewrbd7xdn1bzbst; umsg_01kfqzj2ttfewrbap60b1ttkkn; umsg_01kfqyz919fewrb98kz1pann8k; umsg_01kfqxd10bfewrb62d3yjkx2wq
